"Date","SilverETF","Open","High","Low","Vol.","Change %"
"11-06-2026","222.28","220.98","223.15","219.45","22.10M","0.77%"
"10-06-2026","220.59","228.00","228.00","220.00","51.69M","-4.88%"
"09-06-2026","231.90","228.00","233.29","227.99","21.68M","1.74%"
"08-06-2026","227.93","229.05","232.94","225.20","50.27M","-6.42%"
"05-06-2026","243.58","246.00","247.00","241.00","23.32M","-1.21%"
"04-06-2026","246.56","246.26","247.36","245.10","15.89M","-0.09%"
"03-06-2026","246.79","249.20","249.90","246.50","18.46M","-1.90%"
"02-06-2026","251.56","251.99","252.99","247.52","18.28M","0.81%"
"01-06-2026","249.54","246.65","250.40","246.65","14.48M","0.07%"
"29-05-2026","249.37","250.55","251.40","247.40","19.01M","-0.20%"
"27-05-2026","249.87","253.99","253.99","248.00","21.34M","-0.57%"
"26-05-2026","251.29","254.80","254.80","251.00","18.46M","-1.85%"
"25-05-2026","256.03","256.58","256.75","254.51","23.56M","1.38%"
"22-05-2026","252.40","253.12","254.88","252.25","22.29M","0.17%"
"21-05-2026","251.97","253.27","253.70","250.26","20.61M","-0.27%"
"20-05-2026","252.66","249.47","253.40","247.05","31.30M","-0.23%"
"19-05-2026","253.25","255.60","257.36","252.76","34.39M","0.04%"
"18-05-2026","253.16","249.00","255.55","247.15","49.41M","1.32%"
"15-05-2026","249.85","262.60","262.60","248.00","66.47M","-7.78%"
"14-05-2026","270.93","269.42","273.34","266.15","55.10M","0.56%"
"13-05-2026","268.25","262.10","269.20","264.50","42.82M","6.44%"
"12-05-2026","252.01","257.81","259.40","249.60","71.35M","4.44%"
"11-05-2026","241.29","241.02","242.48","240.09","31.76M","0.47%"
"08-05-2026","240.17","240.03","241.70","238.02","35.04M","0.30%"
"07-05-2026","239.44","236.50","239.75","235.90","36.46M","2.11%"
"06-05-2026","234.49","232.20","234.99","232.02","29.78M","2.45%"
"05-05-2026","228.89","227.35","229.25","225.82","22.44M","-0.64%"
"04-05-2026","230.36","233.02","234.36","229.06","22.19M","1.26%"
"30-04-2026","227.50","224.17","227.91","222.11","23.79M","1.47%"
"29-04-2026","224.20","225.25","227.10","223.83","18.86M","-0.24%"
"28-04-2026","224.73","228.82","229.98","224.25","30.24M","-2.60%"
"27-04-2026","230.72","232.63","233.74","230.38","16.71M","1.24%"
"24-04-2026","227.89","229.44","229.44","226.50","22.24M","-0.78%"
"23-04-2026","229.67","232.47","232.47","229.15","26.90M","-2.69%"
"22-04-2026","236.03","235.80","237.25","234.82","24.75M","-0.58%"
"21-04-2026","237.41","237.48","238.10","236.50","18.03M","0.06%"
"20-04-2026","237.27","238.65","239.89","237.00","30.74M","-0.37%"
"17-04-2026","238.14","236.21","238.50","234.50","25.99M","0.07%"
"16-04-2026","237.97","238.90","240.25","237.63","30.45M","1.23%"
"15-04-2026","235.08","237.99","240.00","234.42","50.59M","4.49%"
"13-04-2026","224.97","225.10","225.65","223.80","21.41M","-0.69%"
"10-04-2026","226.54","228.10","229.90","225.69","27.57M","1.21%"
"09-04-2026","223.83","224.37","224.78","222.57","34.68M","-2.93%"
"08-04-2026","230.58","230.00","231.99","227.20","44.54M","4.79%"
"07-04-2026","220.03","219.15","222.25","218.25","37.20M","-1.06%"
"06-04-2026","222.38","216.11","222.70","216.10","42.82M","2.98%"
"02-04-2026","215.95","218.90","219.90","211.36","54.32M","-3.94%"
"01-04-2026","224.81","222.11","227.40","222.11","51.49M","4.04%"
"30-03-2026","216.08","212.50","217.40","212.50","56.78M","1.68%"
"27-03-2026","212.50","214.00","216.00","210.00","62.97M","-4.03%"
"25-03-2026","221.42","220.00","223.80","219.10","66.51M","4.29%"
"24-03-2026","212.31","199.00","213.84","199.00","121.02M","9.71%"
"23-03-2026","193.52","211.78","214.89","189.35","191.51M","-12.00%"
"20-03-2026","219.90","223.89","226.64","216.90","68.96M","0.42%"
"19-03-2026","218.98","230.90","230.90","217.61","104.31M","-7.65%"
"18-03-2026","237.13","235.30","238.10","233.70","43.71M","-1.56%"
"17-03-2026","240.89","240.29","244.99","236.11","44.31M","3.17%"
"16-03-2026","233.48","237.77","239.10","232.00","55.87M","-4.50%"
"13-03-2026","244.49","248.90","249.96","242.23","59.67M","-3.55%"
"12-03-2026","253.50","249.50","254.58","246.84","44.16M","0.72%"
"11-03-2026","251.69","256.35","256.95","250.72","43.00M","-1.82%"
"10-03-2026","256.35","255.22","258.90","255.02","58.40M","3.79%"
"09-03-2026","247.00","244.98","249.90","243.00","53.19M","0.10%"
"06-03-2026","246.76","248.11","251.38","245.70","47.71M","-0.47%"
"05-03-2026","247.93","254.80","254.80","240.50","102.29M","-2.99%"
"04-03-2026","255.57","251.05","259.98","250.20","98.30M","-6.95%"
"02-03-2026","274.65","265.15","276.00","265.15","151.66M","8.64%"
"27-02-2026","252.81","251.11","253.80","250.41","57.63M","2.74%"
"26-02-2026","246.06","252.30","252.99","242.00","90.14M","-2.84%"
"25-02-2026","253.25","250.22","255.15","250.22","68.65M","1.03%"
"24-02-2026","250.67","252.48","253.40","248.11","78.16M","0.20%"
"23-02-2026","250.17","258.00","258.01","246.70","113.60M","5.73%"
"20-02-2026","236.62","231.90","238.99","228.50","71.53M","1.46%"
"19-02-2026","233.21","230.10","234.99","229.10","70.59M","4.21%"
"18-02-2026","223.79","220.89","225.99","219.11","69.46M","1.70%"
"17-02-2026","220.04","224.80","225.45","217.50","94.87M","-3.21%"
"16-02-2026","227.34","223.25","228.49","223.25","74.29M","-2.25%"
"13-02-2026","232.58","228.15","234.80","226.30","117.87M","-5.22%"
"12-02-2026","245.39","247.09","247.17","243.82","51.69M","-0.80%"
"11-02-2026","247.37","244.10","248.48","242.00","75.72M","1.46%"
"10-02-2026","243.82","241.90","244.75","240.24","64.11M","0.05%"
"09-02-2026","243.70","241.10","247.00","240.82","101.31M","8.57%"
"06-02-2026","224.46","219.00","229.20","218.20","168.89M","-5.06%"
"05-02-2026","236.42","234.90","241.80","224.00","216.47M","-10.98%"
"04-02-2026","265.57","258.00","268.00","255.65","172.80M","7.37%"
"03-02-2026","247.34","224.70","258.80","220.70","259.12M","12.46%"
"02-02-2026","219.94","252.49","252.49","205.02","321.77M","-12.90%"
"01-02-2026","252.50","287.46","287.46","252.50","16.36M","-11.86%"
"30-01-2026","286.48","329.00","337.80","276.66","391.60M","-18.59%"
"29-01-2026","351.91","351.20","360.00","346.15","145.65M","5.99%"
"28-01-2026","332.03","320.80","337.86","320.80","170.38M","4.46%"
"27-01-2026","317.85","310.40","321.48","305.70","223.28M","8.58%"
"23-01-2026","292.73","295.65","307.78","289.00","174.21M","5.96%"
"22-01-2026","276.27","299.60","302.98","249.11","348.18M","-11.08%"
"21-01-2026","310.68","300.00","312.00","297.63","155.86M","4.39%"
"20-01-2026","297.62","288.15","302.24","288.15","245.73M","5.18%"
"19-01-2026","282.95","274.30","284.90","274.25","140.27M","5.01%"
"16-01-2026","269.44","262.81","269.80","261.00","115.49M","2.52%"
"14-01-2026","262.81","258.50","264.00","258.50","137.28M","5.33%"
"13-01-2026","249.51","246.60","251.40","243.79","122.48M","2.53%"
"12-01-2026","243.35","238.15","244.70","237.15","104.70M","5.63%"
"09-01-2026","230.37","224.20","230.95","224.20","70.23M","3.06%"
"08-01-2026","223.53","232.70","232.70","220.00","105.12M","-4.62%"
"07-01-2026","234.36","237.60","242.70","231.39","99.91M","1.17%"
"06-01-2026","231.65","228.16","232.49","228.16","64.37M","2.71%"
"05-01-2026","225.54","222.90","226.80","222.20","53.84M","1.65%"
"02-01-2026","221.87","220.33","222.20","217.60","63.38M","3.22%"
"01-01-2026","214.95","216.50","217.80","213.02","39.06M","-0.22%"
"31-12-2025","215.43","216.80","221.80","207.51","126.21M","-1.27%"
"30-12-2025","218.21","217.49","219.85","210.00","122.08M","-0.02%"
"29-12-2025","218.25","235.21","243.29","196.30","285.36M","-0.73%"
"26-12-2025","219.85","216.73","222.00","215.81","80.43M","5.08%"
"24-12-2025","209.23","209.45","210.00","207.11","61.73M","3.69%"
"23-12-2025","201.79","202.00","202.95","201.22","46.02M","0.92%"
"22-12-2025","199.95","197.13","201.16","197.13","70.60M","3.84%"
"19-12-2025","192.56","190.00","193.07","190.00","50.08M","-0.36%"
"18-12-2025","193.26","194.79","194.80","192.85","50.46M","0.57%"
"17-12-2025","192.16","190.00","193.45","189.31","63.40M","4.04%"
"16-12-2025","184.69","181.70","184.99","180.21","45.32M","-0.10%"
"15-12-2025","184.87","182.04","185.35","180.10","58.18M","0.40%"
"12-12-2025","184.13","183.32","185.00","181.62","51.43M","2.95%"
"11-12-2025","178.85","177.40","179.10","176.78","37.25M","2.03%"
"10-12-2025","175.29","176.55","177.70","174.22","53.18M","2.44%"
"09-12-2025","171.11","170.84","171.50","168.33","31.67M","0.16%"
"08-12-2025","170.84","170.17","171.38","169.12","37.62M","0.39%"
"05-12-2025","170.18","168.17","170.77","167.10","39.92M","1.77%"
"04-12-2025","167.22","169.78","170.95","165.63","42.61M","-1.51%"
"03-12-2025","169.78","170.20","171.99","167.18","56.14M","2.69%"
"02-12-2025","165.34","167.01","168.40","164.80","43.25M","-0.52%"
"01-12-2025","166.21","166.02","167.90","164.63","74.75M","6.02%"
"28-11-2025","156.77","156.42","157.50","156.42","25.85M","0.69%"
"27-11-2025","155.70","153.50","156.69","153.44","43.12M","2.68%"
"26-11-2025","151.64","150.52","151.85","150.52","19.47M","1.55%"
"25-11-2025","149.32","149.33","150.37","148.80","24.00M","1.52%"
"24-11-2025","147.08","146.97","147.50","145.66","16.18M","1.65%"
"21-11-2025","144.69","146.49","146.49","143.65","35.91M","-2.23%"
"20-11-2025","147.99","149.39","149.69","146.75","26.95M","-1.58%"
"19-11-2025","150.36","148.02","151.40","147.64","29.75M","2.58%"
"18-11-2025","146.58","146.90","147.00","144.15","36.58M","-1.57%"
"17-11-2025","148.92","150.00","150.00","146.41","46.57M","-2.83%"
"14-11-2025","153.26","156.28","156.28","152.23","35.97M","-2.44%"
"13-11-2025","157.09","156.21","158.95","156.13","43.85M","4.54%"
"12-11-2025","150.27","148.32","150.41","147.69","29.55M","1.50%"
"11-11-2025","148.05","148.97","149.10","147.03","36.08M","1.86%"
"10-11-2025","145.34","144.17","145.92","143.01","27.22M","2.32%"
"07-11-2025","142.05","141.67","142.34","140.77","17.18M","0.16%"
"06-11-2025","141.83","140.94","142.16","140.28","18.11M","1.34%"
"04-11-2025","139.95","140.34","141.39","139.01","22.72M","-1.77%"
"03-11-2025","142.47","143.29","143.59","142.01","20.68M","0.00%"
"31-10-2025","142.47","142.97","143.55","141.42","27.11M","1.39%"
"30-10-2025","140.52","139.88","141.68","138.22","39.49M","-0.43%"
"29-10-2025","141.13","137.82","141.47","136.55","42.78M","5.47%"
"28-10-2025","133.81","137.10","137.68","132.99","48.92M","-3.63%"
"27-10-2025","138.85","138.11","141.65","137.70","45.61M","0.07%"
"24-10-2025","138.75","142.89","142.99","137.55","48.20M","-2.25%"
"23-10-2025","141.94","142.99","144.49","135.50","102.06M","-2.31%"
"21-10-2025","145.30","147.50","149.50","142.75","30.78M","-2.37%"
"20-10-2025","148.82","155.92","155.92","146.30","93.34M","-7.33%"
"17-10-2025","160.60","163.90","163.90","159.21","74.87M","2.16%"
"16-10-2025","157.21","173.62","174.40","156.24","155.96M","-6.73%"
"15-10-2025","168.56","177.80","180.00","165.26","131.35M","-3.30%"
"14-10-2025","174.31","168.44","180.00","167.11","162.15M","6.07%"
"13-10-2025","164.34","157.76","164.90","156.63","86.69M","6.77%"
"10-10-2025","153.92","156.10","159.50","147.15","69.49M","-1.43%"
"09-10-2025","156.16","150.93","165.00","148.91","123.58M","3.47%"
"08-10-2025","150.93","143.95","152.93","143.55","57.99M","4.94%"
"07-10-2025","143.82","143.78","144.24","141.31","41.00M","0.10%"
"06-10-2025","143.67","142.51","144.25","142.32","41.87M","2.80%"
"03-10-2025","139.76","138.70","140.00","138.00","31.49M","-0.08%"
"01-10-2025","139.87","139.47","140.00","138.00","30.05M","2.79%"
"30-09-2025","136.07","139.99","140.61","135.18","48.53M","-2.15%"
"29-09-2025","139.06","138.43","139.37","138.00","46.71M","4.55%"
"26-09-2025","133.01","132.20","133.47","131.70","33.13M","0.48%"
"25-09-2025","132.37","129.75","133.00","129.05","28.05M","1.83%"
"24-09-2025","129.99","130.18","130.35","129.60","26.34M","0.19%"
"23-09-2025","129.74","128.51","129.94","128.25","30.49M","1.19%"
"22-09-2025","128.22","127.03","128.47","126.75","25.84M","3.70%"
"19-09-2025","123.65","124.25","124.29","123.10","13.91M","0.50%"
"18-09-2025","123.04","121.94","123.15","121.01","20.56M","1.05%"
"17-09-2025","121.76","122.95","122.99","121.26","35.05M","-2.29%"
"16-09-2025","124.62","124.00","124.88","123.71","20.55M","1.25%"
"15-09-2025","123.08","123.70","123.89","122.60","22.02M","-0.47%"
"12-09-2025","123.66","122.28","123.90","121.75","25.11M","3.65%"
"11-09-2025","119.30","119.39","119.70","119.00","28.15M","-0.03%"
"10-09-2025","119.34","119.69","119.69","119.20","34.82M","-0.71%"
"09-09-2025","120.19","120.44","120.54","119.90","20.97M","-0.05%"
"08-09-2025","120.25","118.80","120.66","118.23","18.50M","1.04%"
"05-09-2025","119.01","118.78","119.43","118.73","10.74M","-0.02%"
"04-09-2025","119.03","118.45","119.21","117.95","15.22M","0.06%"
"03-09-2025","118.96","118.02","119.57","117.96","14.78M","0.89%"
"02-09-2025","117.91","119.00","119.20","117.20","20.21M","-0.57%"
"01-09-2025","118.59","118.05","118.95","117.80","49.08M","4.41%"
"29-08-2025","113.58","113.20","113.82","112.86","25.71M","0.71%"
"28-08-2025","112.78","112.60","112.97","112.30","32.13M","0.78%"
"26-08-2025","111.91","112.15","112.79","111.33","22.09M","-0.12%"
"25-08-2025","112.05","111.67","112.50","111.65","13.39M","1.93%"
"22-08-2025","109.93","110.35","110.35","109.56","8.89M","0.74%"
"21-08-2025","109.12","109.28","109.28","108.63","8.02M","1.99%"
"20-08-2025","106.99","107.40","107.46","106.64","18.17M","-2.21%"
"19-08-2025","109.41","109.60","109.60","108.91","7.44M","-0.59%"
"18-08-2025","110.06","110.37","110.38","109.70","10.04M","-0.69%"
"14-08-2025","110.83","111.12","111.38","110.50","8.92M","-0.38%"
"13-08-2025","111.25","110.22","111.33","110.13","8.53M","1.82%"
"12-08-2025","109.26","109.52","109.78","109.10","7.51M","-0.24%"
"11-08-2025","109.52","110.20","110.40","108.78","13.24M","-1.31%"
"08-08-2025","110.97","110.90","111.48","110.50","11.45M","0.35%"
"07-08-2025","110.58","110.07","110.84","109.81","10.11M","1.28%"
"06-08-2025","109.18","109.40","109.74","108.90","8.70M","0.48%"
"05-08-2025","108.66","108.55","108.94","108.16","9.72M","0.53%"
"04-08-2025","108.09","107.35","108.37","107.00","9.24M","2.25%"
"01-08-2025","105.71","106.31","106.40","105.42","13.33M","-1.11%"
"31-07-2025","106.90","107.87","107.98","106.71","16.23M","-2.71%"
"30-07-2025","109.88","109.98","109.98","109.41","7.09M","0.33%"
"29-07-2025","109.52","109.48","109.63","108.71","9.99M","0.43%"
"28-07-2025","109.05","109.29","109.31","108.84","11.45M","-1.47%"
"25-07-2025","110.68","111.24","111.39","110.53","8.55M","-0.21%"
"24-07-2025","110.91","110.32","111.23","110.32","13.90M","-0.98%"
"23-07-2025","112.01","110.99","112.20","110.31","15.08M","1.64%"
"22-07-2025","110.20","110.05","110.70","109.85","13.56M","0.76%"
"21-07-2025","109.37","109.29","109.52","108.35","11.48M","0.24%"
"18-07-2025","109.11","109.81","109.81","108.12","13.30M","1.84%"
"17-07-2025","107.14","107.98","107.98","107.00","8.50M","-0.60%"
"16-07-2025","107.79","107.50","107.93","107.00","13.95M","-0.41%"
"15-07-2025","108.23","108.18","108.44","107.53","15.78M","-1.63%"
"14-07-2025","110.02","109.00","110.17","108.52","21.78M","3.12%"
"11-07-2025","106.69","105.51","106.78","105.51","21.76M","2.87%"
"10-07-2025","103.71","103.54","103.93","103.13","6.89M","0.12%"
"09-07-2025","103.59","103.87","103.98","103.26","20.47M","-0.48%"
"08-07-2025","104.09","104.33","104.33","103.91","5.38M","0.29%"
"07-07-2025","103.79","104.39","104.39","103.07","8.72M","-0.11%"
"04-07-2025","103.90","104.16","104.18","103.50","9.05M","0.03%"
"03-07-2025","103.87","103.03","104.45","103.02","10.68M","1.14%"
"02-07-2025","102.70","102.48","102.80","101.91","10.06M","-0.70%"
"01-07-2025","103.42","102.46","103.56","102.13","10.02M","0.93%"
"30-06-2025","102.47","102.55","102.73","102.02","14.58M","0.80%"
"27-06-2025","101.66","106.00","106.00","101.35","12.03M","-2.18%"
"26-06-2025","103.93","103.89","104.10","102.90","9.14M","2.01%"
"25-06-2025","101.88","102.22","102.78","101.80","11.32M","-0.81%"
"24-06-2025","102.71","103.48","103.48","102.30","11.61M","-1.01%"
"23-06-2025","103.76","103.31","103.99","103.30","7.58M","0.44%"
"20-06-2025","103.31","102.97","103.41","101.85","14.79M","-0.79%"
"19-06-2025","104.13","105.75","105.75","103.65","14.42M","-1.98%"
"18-06-2025","106.23","105.75","106.35","105.75","16.55M","1.96%"
"17-06-2025","104.19","103.38","104.34","102.94","9.16M","0.60%"
"16-06-2025","103.57","104.88","106.50","103.16","13.27M","-0.13%"
"13-06-2025","103.71","103.56","103.81","102.60","11.06M","1.62%"
"12-06-2025","102.06","103.37","103.37","100.72","15.78M","-0.70%"
"11-06-2025","102.78","103.45","103.95","102.10","14.02M","-1.05%"
"10-06-2025","103.87","103.11","104.25","103.11","12.47M","0.85%"
"09-06-2025","102.99","102.41","103.27","102.12","18.32M","0.57%"
"06-06-2025","102.41","102.77","102.99","101.66","16.30M","1.68%"
"05-06-2025","100.72","98.57","101.31","97.92","13.43M","2.67%"
"04-06-2025","98.10","98.00","98.19","97.52","6.68M","0.97%"
"03-06-2025","97.16","96.20","97.25","96.05","21.22M","2.68%"
"02-06-2025","94.62","94.33","95.10","93.81","5.80M","0.29%"
"30-05-2025","94.35","94.44","94.55","93.65","5.59M","-0.30%"
"29-05-2025","94.63","94.59","94.95","94.18","4.04M","-0.27%"
"28-05-2025","94.89","94.43","94.98","94.42","4.08M","0.89%"
"27-05-2025","94.05","94.53","94.79","93.90","4.64M","-0.53%"
"26-05-2025","94.55","94.94","95.00","94.13","6.28M","0.56%"
"23-05-2025","94.02","94.49","94.71","93.91","5.11M","-0.46%"
"22-05-2025","94.45","95.16","95.56","94.30","11.45M","0.20%"
"21-05-2025","94.26","94.04","94.44","93.85","11.88M","1.89%"
"20-05-2025","92.51","92.17","92.57","91.75","6.63M","-0.32%"
"19-05-2025","92.81","92.33","92.91","92.13","6.45M","0.59%"
"16-05-2025","92.27","92.32","92.75","92.11","6.02M","0.84%"
"15-05-2025","91.50","91.56","91.64","90.75","15.16M","-1.96%"
"14-05-2025","93.33","92.99","93.45","92.70","5.75M","-0.62%"
"13-05-2025","93.91","93.45","94.14","92.52","9.05M","2.70%"
"12-05-2025","91.44","92.88","93.22","90.86","9.82M","-1.71%"
"09-05-2025","93.03","92.59","93.22","92.34","5.46M","0.48%"
"08-05-2025","92.59","92.76","92.91","91.32","6.92M","-0.20%"
"07-05-2025","92.78","93.29","93.39","92.61","5.61M","-0.26%"
"06-05-2025","93.02","92.63","93.22","92.62","7.16M","1.76%"
"05-05-2025","91.41","91.08","91.56","90.47","7.67M","-0.28%"
"02-05-2025","91.67","91.62","92.67","91.29","9.96M","0.05%"
"30-04-2025","91.62","93.88","93.88","91.40","25.11M","-3.22%"
"29-04-2025","94.67","93.01","94.80","93.01","12.89M","1.62%"
"28-04-2025","93.16","94.95","94.95","92.77","12.95M","-1.57%"
"25-04-2025","94.65","94.97","94.97","94.08","10.53M","0.00%"
"24-04-2025","94.65","94.21","94.96","94.21","7.32M","1.19%"
"23-04-2025","93.54","92.98","93.77","92.42","9.31M","1.29%"
"22-04-2025","92.35","93.14","93.40","91.90","11.92M","-0.70%"
"21-04-2025","93.00","92.71","93.99","92.71","12.12M","0.91%"
"17-04-2025","92.16","92.99","93.07","91.97","8.42M","-1.75%"
"16-04-2025","93.80","92.50","94.02","92.18","10.13M","1.71%"
"15-04-2025","92.22","91.81","93.42","91.81","6.93M","2.05%"
"11-04-2025","90.37","89.73","90.58","89.16","8.08M","2.73%"
"09-04-2025","87.97","87.23","88.14","86.48","9.15M","0.61%"
"08-04-2025","87.44","87.75","87.75","86.61","8.32M","0.47%"
"07-04-2025","87.03","86.02","87.35","77.55","16.61M","-3.00%"
"04-04-2025","89.72","90.48","90.64","89.06","21.35M","-3.83%"
"03-04-2025","93.29","95.38","95.69","93.03","17.53M","-3.68%"
"02-04-2025","96.85","96.70","97.01","95.76","7.89M","0.13%"
"01-04-2025","96.72","97.95","97.95","96.40","9.56M","-0.90%"
"28-03-2025","97.60","97.02","97.95","97.01","8.14M","1.77%"
"27-03-2025","95.90","96.80","96.80","95.73","4.51M","0.17%"
"26-03-2025","95.74","95.34","96.04","95.33","5.68M","1.24%"
"25-03-2025","94.57","94.18","94.68","94.01","4.81M","0.41%"
"24-03-2025","94.18","94.25","94.75","94.07","6.47M","0.00%"
"21-03-2025","94.18","95.18","95.18","94.02","7.02M","-1.73%"
"20-03-2025","95.84","96.78","96.78","95.50","6.21M","-0.59%"
"19-03-2025","96.41","97.65","97.74","96.21","13.40M","-1.04%"
"18-03-2025","97.42","96.98","97.53","96.76","7.31M","0.97%"
"17-03-2025","96.48","96.74","96.84","96.23","8.68M","1.33%"
"13-03-2025","95.21","95.18","95.80","94.81","6.45M","0.25%"
"12-03-2025","94.97","94.41","95.05","94.38","6.51M","1.41%"
"11-03-2025","93.65","93.40","93.77","92.75","4.23M","-0.48%"
"10-03-2025","94.10","94.95","94.95","93.45","5.41M","0.01%"
"07-03-2025","94.09","94.00","94.15","93.71","4.10M","0.61%"
"06-03-2025","93.52","93.64","93.99","93.32","4.46M","0.25%"
"05-03-2025","93.29","93.15","93.39","92.51","4.43M","0.82%"
"04-03-2025","92.53","92.25","92.62","91.80","4.66M","1.23%"
"03-03-2025","91.41","91.00","91.60","90.61","4.92M","1.05%"
"28-02-2025","90.46","90.99","90.99","90.10","7.58M","-1.64%"
"27-02-2025","91.97","92.70","92.70","91.22","6.65M","-1.01%"
"25-02-2025","92.91","93.20","93.20","92.40","4.49M","-0.32%"
"24-02-2025","93.21","93.90","93.97","93.05","5.83M","-0.90%"
"21-02-2025","94.06","94.18","94.37","93.69","5.43M","-0.53%"
"20-02-2025","94.56","94.48","94.79","94.01","4.27M","0.00%"
"19-02-2025","94.56","93.74","94.69","93.53","5.93M","1.45%"
"18-02-2025","93.21","92.66","93.35","92.66","4.52M","0.38%"
"17-02-2025","92.86","93.99","93.99","92.05","7.45M","-1.95%"
"14-02-2025","94.71","93.15","94.85","93.11","10.81M","2.11%"
"13-02-2025","92.75","92.25","92.93","92.23","4.62M","1.60%"
"12-02-2025","91.29","91.37","91.77","90.75","3.82M","-0.09%"
"11-02-2025","91.37","92.28","92.28","91.00","6.10M","-1.70%"
"10-02-2025","92.95","92.45","93.00","91.90","5.37M","0.24%"
"07-02-2025","92.73","92.12","92.78","92.12","4.16M","0.97%"
"06-02-2025","91.84","92.64","92.64","91.31","11.01M","-1.28%"
"05-02-2025","93.03","92.03","93.17","92.02","10.39M","2.13%"
"04-02-2025","91.09","91.00","91.27","90.66","4.22M","0.62%"
"03-02-2025","90.53","90.00","90.65","89.35","5.43M","0.47%"
"01-02-2025","90.11","90.99","91.00","89.77","3.52M","-0.62%"
"31-01-2025","90.67","90.02","90.81","90.00","7.85M","1.31%"
"30-01-2025","89.50","88.81","89.55","88.81","6.27M","1.69%"
"29-01-2025","88.01","87.75","88.09","87.63","4.35M","1.04%"
"28-01-2025","87.10","87.18","87.40","86.65","4.58M","-0.56%"
"27-01-2025","87.59","87.84","87.94","87.02","5.55M","-1.22%"
"24-01-2025","88.67","88.40","88.80","87.86","4.72M","0.93%"
"23-01-2025","87.85","88.50","88.50","87.63","2.51M","-0.86%"
"22-01-2025","88.61","88.22","88.75","88.21","4.20M","0.91%"
"21-01-2025","87.81","88.02","88.44","87.72","4.26M","0.09%"
"20-01-2025","87.73","87.38","88.05","87.02","3.02M","0.09%"
"17-01-2025","87.65","88.38","88.39","87.56","5.11M","-1.46%"
"16-01-2025","88.95","88.51","89.00","88.40","9.30M","1.87%"
"15-01-2025","87.32","86.70","87.43","86.47","4.69M","1.22%"
"14-01-2025","86.27","86.18","86.54","85.68","6.12M","-1.17%"
"13-01-2025","87.29","87.79","88.40","87.14","12.72M","-0.29%"
"10-01-2025","87.54","88.50","88.50","87.25","8.61M","0.31%"
"09-01-2025","87.27","87.57","87.57","86.90","5.40M","0.08%"
"08-01-2025","87.20","87.04","87.25","86.68","4.64M","0.15%"
"07-01-2025","87.07","86.72","87.10","86.48","5.03M","1.33%"
"06-01-2025","85.93","85.59","86.00","85.02","5.83M","0.08%"
"03-01-2025","85.86","85.95","85.95","85.20","5.12M","1.20%"
"02-01-2025","84.84","84.69","84.97","84.42","3.82M","1.18%"
"01-01-2025","83.85","83.59","84.25","83.27","3.20M","0.14%"
"31-12-2024","83.73","83.87","83.87","83.26","6.75M","-1.44%"
"30-12-2024","84.95","86.85","86.85","84.70","5.29M","-0.89%"
"27-12-2024","85.71","85.49","86.20","85.49","2.88M","0.33%"
"26-12-2024","85.43","85.95","85.98","85.20","3.91M","0.15%"
"24-12-2024","85.30","85.80","86.09","85.22","3.42M","-0.22%"
"23-12-2024","85.49","84.92","85.57","83.60","4.35M","3.06%"
"20-12-2024","82.95","83.49","83.67","82.87","11.17M","-2.04%"
"19-12-2024","84.68","84.99","84.99","84.22","13.72M","-2.36%"
"18-12-2024","86.73","86.84","86.94","86.52","2.73M","0.41%"
"17-12-2024","86.38","87.27","87.27","86.15","7.74M","-1.02%"
"16-12-2024","87.27","86.99","87.35","86.44","7.61M","0.02%"
"13-12-2024","87.25","88.18","88.18","87.15","16.60M","-4.40%"
"12-12-2024","91.27","91.17","91.48","90.52","5.93M","1.35%"
"11-12-2024","90.05","90.99","90.99","89.95","6.00M","-0.07%"
"10-12-2024","90.11","90.67","90.89","89.80","12.30M","1.58%"
"09-12-2024","88.71","88.19","88.83","87.61","5.60M","0.25%"
"06-12-2024","88.49","88.68","88.75","88.11","4.02M","-0.07%"
"05-12-2024","88.55","88.37","88.95","88.32","6.01M","1.15%"
"04-12-2024","87.54","87.98","88.05","87.45","4.36M","-0.10%"
"03-12-2024","87.63","86.85","87.70","86.51","6.48M","1.85%"
"02-12-2024","86.04","86.29","86.29","85.60","5.64M","-1.01%"
"29-11-2024","86.92","86.24","87.04","86.13","12.65M","2.08%"
"28-11-2024","85.15","85.19","85.25","84.70","11.26M","-1.66%"
"27-11-2024","86.59","86.44","87.04","86.15","6.41M","0.67%"
"26-11-2024","86.01","85.96","86.14","85.24","8.33M","-0.99%"
"25-11-2024","86.87","87.44","87.44","86.26","8.62M","-1.78%"
"22-11-2024","88.44","87.99","88.75","87.35","5.70M","0.39%"
"21-11-2024","88.10","87.97","88.56","87.53","5.07M","-0.81%"
"19-11-2024","88.82","88.22","88.90","88.13","5.77M","2.19%"
"18-11-2024","86.92","86.43","87.09","86.43","7.24M","2.67%"
"14-11-2024","84.66","85.91","85.92","84.55","15.34M","-3.37%"
"13-11-2024","87.61","87.22","87.79","87.21","7.25M","2.04%"
"12-11-2024","85.86","87.18","87.19","85.70","16.34M","-2.96%"
"11-11-2024","88.48","88.47","88.74","88.11","5.23M","-0.73%"
"08-11-2024","89.13","89.02","89.75","88.63","8.06M","1.30%"
"07-11-2024","87.99","88.70","88.70","87.30","18.41M","-3.00%"
"06-11-2024","90.71","90.99","91.29","88.70","14.96M","-1.09%"
"05-11-2024","91.71","91.57","91.82","91.20","6.98M","-0.59%"
"04-11-2024","92.25","92.49","92.49","91.73","9.53M","-0.73%"
"01-11-2024","92.93","94.20","94.20","92.21","9.86M","-1.42%"
"31-10-2024","94.27","94.40","94.40","93.84","6.81M","-1.46%"
"30-10-2024","95.67","95.41","95.95","95.35","8.20M","0.35%"
"29-10-2024","95.34","94.57","95.61","94.45","10.67M","1.83%"
"28-10-2024","93.63","93.23","94.10","93.01","8.61M","1.06%"
"25-10-2024","92.65","93.48","93.55","92.45","10.06M","-2.60%"
"24-10-2024","95.12","94.58","95.18","94.08","10.06M","-1.03%"
"23-10-2024","96.11","95.62","96.52","95.62","10.00M","1.30%"
"22-10-2024","94.88","94.84","95.15","94.33","10.90M","0.25%"
"21-10-2024","94.64","94.12","95.00","93.82","19.19M","5.38%"
"18-10-2024","89.81","89.33","89.95","89.28","6.99M","1.38%"
"17-10-2024","88.59","88.69","88.90","88.12","4.59M","-0.75%"
"16-10-2024","89.26","88.95","89.39","88.45","7.48M","1.86%"
"15-10-2024","87.63","87.95","87.95","86.62","5.75M","-0.86%"
"14-10-2024","88.39","87.82","88.51","87.82","5.65M","0.78%"
"11-10-2024","87.71","86.13","88.48","86.13","4.61M","1.69%"
"10-10-2024","86.25","86.70","86.89","85.83","7.65M","-0.09%"
"09-10-2024","86.33","86.29","86.41","85.69","11.70M","-1.52%"
"08-10-2024","87.66","88.49","88.59","87.08","9.48M","-1.98%"
"07-10-2024","89.43","90.30","90.30","89.11","8.92M","-0.48%"
"04-10-2024","89.86","89.50","90.12","89.45","10.98M","1.59%"
"03-10-2024","88.45","88.20","90.30","88.03","9.54M","0.89%"
"01-10-2024","87.67","87.64","88.05","87.50","6.72M","-0.42%"
"30-09-2024","88.04","87.99","88.45","87.80","6.04M","-0.34%"
"27-09-2024","88.34","88.98","88.98","88.01","8.56M","-0.73%"
"26-09-2024","88.99","88.80","89.06","88.30","8.69M","1.00%"
"25-09-2024","88.11","88.01","88.48","87.68","13.02M","2.30%"
"24-09-2024","86.13","86.22","86.61","85.70","6.78M","0.91%"
"23-09-2024","85.35","86.48","86.58","84.91","9.11M","-1.31%"
"20-09-2024","86.48","86.10","86.65","86.02","6.58M","-0.15%"
"19-09-2024","86.61","84.90","86.78","84.50","9.67M","1.94%"
"18-09-2024","84.96","85.19","85.25","84.64","4.96M","-0.49%"
"17-09-2024","85.38","86.14","86.14","85.22","6.61M","-1.00%"
"16-09-2024","86.24","85.70","86.40","85.70","18.26M","2.52%"
"13-09-2024","84.12","83.56","84.26","83.44","17.13M","3.56%"
"12-09-2024","81.23","81.29","81.48","81.02","3.34M","-0.07%"
"11-09-2024","81.29","80.60","81.43","80.43","4.30M","1.18%"
"10-09-2024","80.34","79.99","80.60","79.82","4.10M","0.71%"
"09-09-2024","79.77","80.20","80.20","78.80","9.39M","-1.91%"
"06-09-2024","81.32","81.28","81.50","81.00","4.75M","0.30%"
"05-09-2024","81.08","79.81","81.18","79.81","4.48M","2.13%"
"04-09-2024","79.39","79.88","79.88","79.03","9.60M","-1.40%"
"03-09-2024","80.52","80.84","80.84","80.41","4.86M","-0.46%"
"02-09-2024","80.89","80.88","80.95","80.30","13.18M","-2.62%"
"30-08-2024","83.07","83.28","83.30","82.76","4.15M","-0.25%"
"29-08-2024","83.28","83.31","83.47","82.85","8.14M","-0.01%"
"28-08-2024","83.29","84.18","84.18","82.67","8.33M","-0.83%"
"27-08-2024","83.99","83.99","84.31","83.42","6.72M","-0.17%"
"26-08-2024","84.13","82.80","84.24","82.71","7.00M","2.00%"
"23-08-2024","82.48","82.25","82.60","81.96","4.07M","-0.51%"
"22-08-2024","82.90","83.09","83.09","82.49","2.98M","-0.06%"
"21-08-2024","82.95","82.99","83.15","82.71","6.11M","-0.50%"
"20-08-2024","83.37","82.33","83.41","82.32","7.02M","1.67%"
"19-08-2024","82.00","81.41","82.30","81.41","7.03M","2.49%"
"16-08-2024","80.01","79.95","80.38","79.71","5.38M","0.49%"
"14-08-2024","79.62","79.48","79.80","79.00","7.60M","0.39%"
"13-08-2024","79.31","79.65","79.77","79.14","4.17M","-0.66%"
"12-08-2024","79.84","78.21","79.97","78.21","7.14M","1.45%"
"09-08-2024","78.70","79.36","79.39","78.00","8.94M","1.75%"
"08-08-2024","77.35","78.50","78.50","77.26","12.41M","-1.55%"
"07-08-2024","78.57","78.99","79.25","77.52","9.02M","1.66%"
"06-08-2024","77.29","79.16","79.16","76.70","18.41M","-2.09%"
"05-08-2024","78.94","82.05","82.05","78.76","10.12M","-3.78%"
"02-08-2024","82.04","82.00","82.80","81.91","6.41M","-0.36%"
"01-08-2024","82.34","82.05","82.60","82.05","5.72M","0.61%"
"31-07-2024","81.84","81.01","82.00","81.01","6.99M","2.30%"
"30-07-2024","80.00","79.99","80.24","79.70","7.41M","-0.45%"
"29-07-2024","80.36","81.01","81.01","80.00","10.63M","0.70%"
"26-07-2024","79.80","79.90","80.39","79.49","10.82M","-0.09%"
"25-07-2024","79.87","82.71","82.71","79.52","21.28M","-3.67%"
"24-07-2024","82.91","86.01","86.09","82.50","12.16M","-0.72%"
"23-07-2024","83.51","86.90","87.10","82.34","17.58M","-3.23%"
"22-07-2024","86.30","86.99","86.99","86.06","4.93M","-0.70%"
"19-07-2024","86.91","88.19","89.00","86.76","9.74M","-2.82%"
"18-07-2024","89.43","89.24","89.52","89.01","5.57M","-0.39%"
"16-07-2024","89.78","89.78","89.89","89.40","3.27M","0.43%"
"15-07-2024","89.40","89.92","89.95","89.12","4.89M","-0.23%"
"12-07-2024","89.61","90.17","90.40","89.25","6.11M","-0.47%"
"11-07-2024","90.03","90.20","90.20","89.80","3.76M","0.37%"
"10-07-2024","89.70","89.55","89.80","89.05","3.86M","-0.18%"
"09-07-2024","89.86","89.49","89.94","89.12","4.54M","0.47%"
"08-07-2024","89.44","100.00","100.00","89.12","4.89M","0.86%"
"05-07-2024","88.68","88.69","88.78","88.15","4.99M","0.90%"
"04-07-2024","87.89","88.47","88.48","87.50","5.47M","0.51%"
"03-07-2024","87.44","86.90","87.67","86.33","5.85M","1.73%"
"02-07-2024","85.95","85.66","86.25","85.65","3.65M","0.43%"
"01-07-2024","85.58","87.00","87.00","85.05","4.96M","-0.37%"
"28-06-2024","85.90","85.89","86.09","85.23","3.33M","0.99%"
"27-06-2024","85.06","86.00","86.00","84.50","4.86M","-0.25%"
"26-06-2024","85.27","85.59","85.64","84.64","13.21M","-1.77%"
"25-06-2024","86.81","86.74","86.94","86.02","5.29M","-0.21%"
"24-06-2024","86.99","87.29","87.36","86.16","6.13M","-1.93%"
"21-06-2024","88.70","89.01","89.48","88.31","5.41M","0.23%"
"20-06-2024","88.50","87.81","88.75","87.81","5.54M","1.82%"
"19-06-2024","86.92","87.48","87.48","86.43","4.23M","0.77%"
"18-06-2024","86.26","87.48","87.49","86.12","4.73M","0.17%"
"14-06-2024","86.11","86.24","86.24","85.67","13.58M","-0.54%"
"13-06-2024","86.58","86.49","86.75","86.06","9.03M","-0.28%"
"12-06-2024","86.82","87.13","87.14","86.65","7.53M","0.71%"
"11-06-2024","86.21","86.40","86.58","85.83","10.86M","-1.29%"
"10-06-2024","87.34","87.20","87.40","86.27","12.48M","-2.28%"
"07-06-2024","89.38","90.33","91.85","89.01","6.24M","0.61%"
"06-06-2024","88.84","89.35","89.80","88.21","4.37M","2.39%"
"05-06-2024","86.77","87.00","87.30","86.21","4.16M","-0.62%"
"04-06-2024","87.31","89.00","89.49","86.28","7.66M","-0.92%"
"03-06-2024","88.12","88.44","88.44","87.00","11.07M","-2.74%"
"31-05-2024","90.60","90.00","90.77","89.55","3.40M","-0.28%"
"30-05-2024","90.85","91.70","91.79","90.47","4.11M","-1.74%"
"29-05-2024","92.46","92.33","93.08","92.10","5.34M","1.38%"
"28-05-2024","91.20","91.12","91.79","90.16","6.14M","2.51%"
"27-05-2024","88.97","88.42","89.28","88.42","3.55M","1.09%"
"24-05-2024","88.01","87.64","88.28","87.33","5.36M","-0.06%"
"23-05-2024","88.06","88.94","88.94","87.20","7.51M","-3.03%"
"22-05-2024","90.81","91.05","91.80","90.72","7.81M","-0.24%"
"21-05-2024","91.03","90.32","91.35","90.09","9.89M","7.35%"
"17-05-2024","84.80","84.49","84.98","84.11","3.89M","0.55%"
"16-05-2024","84.34","84.20","84.85","84.12","6.01M","1.50%"
"15-05-2024","83.09","82.60","83.26","82.60","3.08M","0.63%"
"14-05-2024","82.57","82.36","82.84","82.26","5.15M","0.73%"
"13-05-2024","81.97","82.50","83.50","81.61","4.76M","-1.25%"
"10-05-2024","83.01","81.90","83.08","81.80","6.72M","3.05%"
"09-05-2024","80.55","80.50","80.93","80.23","2.89M","0.97%"
"08-05-2024","79.78","80.12","80.49","79.50","3.50M","-0.35%"
"07-05-2024","80.06","80.05","80.88","79.80","3.41M","0.35%"
"06-05-2024","79.78","79.60","81.00","79.01","4.78M","1.42%"
"03-05-2024","78.66","78.61","79.07","78.43","3.57M","0.29%"
"02-05-2024","78.43","78.56","79.00","78.21","4.41M","-0.17%"
"30-04-2024","78.56","78.99","78.99","78.26","4.08M","-1.10%"
"29-04-2024","79.43","79.45","79.54","79.05","3.53M","-0.44%"
"26-04-2024","79.78","79.69","80.06","79.41","3.02M","0.55%"
"25-04-2024","79.34","78.61","79.56","78.61","3.79M","0.29%"
"24-04-2024","79.11","79.60","80.06","78.95","3.83M","0.69%"
"23-04-2024","78.57","78.57","78.75","78.10","15.86M","-2.13%"
"22-04-2024","80.28","80.83","80.93","79.76","7.83M","-1.56%"
"19-04-2024","81.55","81.97","81.98","81.26","3.11M","-0.29%"
"18-04-2024","81.79","81.83","82.00","81.52","4.11M","-0.05%"
"16-04-2024","81.83","82.02","82.60","81.58","4.97M","0.45%"
"15-04-2024","81.46","81.98","82.17","81.00","7.86M","-1.69%"
"12-04-2024","82.86","82.50","82.98","81.51","9.40M","2.40%"
"10-04-2024","80.92","81.47","81.47","80.80","6.19M","-0.11%"
"09-04-2024","81.01","80.98","81.14","80.16","9.66M","0.60%"
"08-04-2024","80.53","79.30","80.71","79.21","11.70M","3.42%"
"05-04-2024","77.87","77.80","78.00","77.01","10.07M","-0.21%"
"04-04-2024","78.03","77.11","78.10","77.10","9.85M","2.44%"
"03-04-2024","76.17","76.06","76.94","75.81","13.61M","1.51%"
"02-04-2024","75.04","74.40","75.21","74.04","6.80M","1.36%"
"01-04-2024","74.03","73.55","74.20","73.14","8.15M","2.22%"
"28-03-2024","72.42","72.42","72.81","72.26","2.50M","0.11%"
"27-03-2024","72.34","72.50","72.55","72.11","2.11M","-0.67%"
"26-03-2024","72.83","72.55","73.02","72.29","2.47M","0.50%"
"22-03-2024","72.47","72.68","72.69","72.08","7.62M","-1.78%"
"21-03-2024","73.78","73.26","73.89","73.26","7.50M","1.78%"
"20-03-2024","72.49","72.72","72.72","72.39","2.13M","0.08%"
"19-03-2024","72.43","72.89","72.89","72.25","2.43M","-0.32%"
"18-03-2024","72.66","72.60","72.82","72.27","4.41M","-0.10%"
"15-03-2024","72.73","72.56","72.80","72.41","4.95M","0.25%"
"14-03-2024","72.55","72.06","72.86","72.06","6.28M","1.81%"
"13-03-2024","71.26","71.59","71.60","71.12","4.23M","-0.96%"
"12-03-2024","71.95","71.77","72.06","71.26","3.70M","0.25%"
"11-03-2024","71.77","72.33","72.33","71.30","6.66M","0.70%"
"07-03-2024","71.27","71.00","71.49","71.00","3.81M","0.86%"
"06-03-2024","70.66","71.04","71.04","70.21","2.91M","-0.56%"
"05-03-2024","71.06","70.16","71.15","70.16","8.24M","2.02%"
"04-03-2024","69.65","69.98","69.98","69.11","2.62M","0.36%"
"02-03-2024","69.40","69.26","69.46","69.20","784.96K","0.81%"
"01-03-2024","68.84","68.74","68.98","68.60","2.20M","0.81%"
"29-02-2024","68.29","68.39","68.68","68.06","1.32M","0.41%"
"28-02-2024","68.01","67.02","68.53","67.00","3.64M","-0.98%"
"27-02-2024","68.68","68.90","68.90","68.41","2.30M","-0.26%"
"26-02-2024","68.86","69.47","69.47","68.81","1.05M","0.13%"
"23-02-2024","68.77","69.13","69.15","68.75","3.94M","-1.28%"
"22-02-2024","69.66","69.39","69.87","69.19","960.93K","-0.01%"
"21-02-2024","69.67","70.09","70.09","69.58","4.84M","-0.19%"
"20-02-2024","69.80","69.79","69.90","69.61","1.07M","-0.30%"
"19-02-2024","70.01","70.11","70.20","69.92","6.17M","0.14%"
"16-02-2024","69.91","69.90","69.98","69.75","2.24M","1.13%"
"15-02-2024","69.13","68.72","69.20","68.64","2.27M","1.78%"
"14-02-2024","67.92","68.40","68.40","67.71","8.60M","-3.00%"
"13-02-2024","70.02","69.78","70.07","69.51","1.47M","0.21%"
"12-02-2024","69.87","69.55","70.21","69.50","2.39M","0.47%"
"09-02-2024","69.54","69.32","69.65","69.32","2.01M","0.93%"
"08-02-2024","68.90","68.89","69.04","68.69","2.22M","0.07%"
"07-02-2024","68.85","69.58","69.58","68.71","3.49M","-0.22%"
"06-02-2024","69.00","69.10","69.33","68.96","4.26M","-0.32%"
"05-02-2024","69.22","70.79","70.79","69.11","5.92M","-2.22%"
"02-02-2024","70.79","70.68","71.00","70.41","2.21M","1.16%"
"01-02-2024","69.98","70.60","70.60","69.61","2.30M","-0.86%"
"31-01-2024","70.59","70.78","70.79","70.53","808.55K","-0.27%"
"30-01-2024","70.78","70.90","70.90","70.55","1.75M","0.50%"
"29-01-2024","70.43","70.39","71.70","70.20","1.12M","0.44%"
"25-01-2024","70.12","70.04","70.30","70.00","1.07M","-0.01%"
"24-01-2024","70.13","69.66","70.20","69.35","1.96M","1.01%"
"23-01-2024","69.43","70.10","70.10","69.30","3.83M","-0.98%"
"20-01-2024","70.12","70.17","70.30","69.98","942.82K","-0.06%"
"19-01-2024","70.16","70.03","70.29","70.00","2.41M","0.44%"
"18-01-2024","69.85","70.07","70.07","69.69","3.09M","-0.31%"
"17-01-2024","70.07","70.71","70.71","69.87","3.72M","-0.89%"
"16-01-2024","70.70","71.00","71.00","70.58","1.17M","-0.41%"
"15-01-2024","70.99","70.91","71.14","70.90","2.25M","1.05%"
"12-01-2024","70.25","70.43","70.43","70.06","3.29M","-0.26%"
"11-01-2024","70.43","70.50","70.58","70.25","1.49M","-0.09%"
"10-01-2024","70.49","70.87","70.87","70.12","2.53M","-0.54%"
"09-01-2024","70.87","70.88","71.08","70.55","1.87M","0.64%"
"08-01-2024","70.42","70.99","70.99","70.34","2.44M","-0.16%"
"05-01-2024","70.53","70.99","71.25","70.49","5.04M","-0.23%"
"04-01-2024","70.69","70.90","70.99","70.51","8.45M","-1.26%"
"03-01-2024","71.59","72.40","72.40","71.55","4.68M","-1.94%"
"02-01-2024","73.01","72.50","73.15","72.50","1.61M","0.73%"
"01-01-2024","72.48","72.80","72.80","71.98","1.37M","0.42%"
"29-12-2023","72.18","73.30","73.30","72.14","3.92M","-1.65%"
"28-12-2023","73.39","73.36","73.65","73.15","1.60M","0.45%"
"27-12-2023","73.06","73.29","73.30","72.95","1.46M","-0.34%"
"26-12-2023","73.31","73.48","73.60","73.25","1.81M","-0.23%"
"22-12-2023","73.48","73.37","73.60","73.20","1.71M","0.46%"
"21-12-2023","73.14","73.00","73.32","73.00","2.53M","0.66%"
"20-12-2023","72.66","73.60","73.60","72.61","1.61M","0.39%"
"19-12-2023","72.38","72.48","72.48","72.00","1.42M","-0.18%"
"18-12-2023","72.51","72.79","72.79","72.21","1.60M","-0.43%"
"15-12-2023","72.82","72.63","72.90","72.50","2.88M","0.34%"
"14-12-2023","72.57","71.51","72.80","71.51","8.23M","4.13%"
"13-12-2023","69.69","70.11","70.11","69.55","5.70M","-0.81%"
"12-12-2023","70.26","70.51","70.59","70.20","5.64M","-0.13%"
"11-12-2023","70.35","71.39","71.40","70.30","11.28M","-2.89%"
"08-12-2023","72.44","72.77","73.00","72.35","2.98M","-0.52%"
"07-12-2023","72.82","72.60","72.90","72.38","2.21M","-0.30%"
"06-12-2023","73.04","73.82","73.82","72.97","2.85M","-0.81%"
"05-12-2023","73.64","74.26","74.27","73.51","2.79M","-2.01%"
"04-12-2023","75.15","75.22","75.80","74.80","2.64M","-0.08%"
"01-12-2023","75.21","74.89","75.27","74.75","2.67M","0.80%"
"30-11-2023","74.61","74.14","74.85","74.13","3.01M","0.72%"
"29-11-2023","74.08","73.74","74.43","73.74","4.31M","0.91%"
"28-11-2023","73.41","72.90","73.98","72.90","5.11M","2.14%"
"24-11-2023","71.87","71.90","72.06","71.67","1.00M","-0.04%"
"23-11-2023","71.90","75.79","75.79","71.71","966.02K","-0.39%"
"22-11-2023","72.18","71.59","72.29","71.51","2.28M","0.84%"
"21-11-2023","71.58","71.99","72.05","71.52","1.27M","0.00%"
"20-11-2023","71.58","72.26","72.26","71.47","1.74M","-0.95%"
"17-11-2023","72.27","69.30","72.40","69.30","5.85M","1.19%"
"16-11-2023","71.42","70.98","71.54","70.81","4.43M","0.79%"
"15-11-2023","70.86","68.30","70.94","68.30","7.26M","3.25%"
"13-11-2023","68.63","68.78","68.89","68.40","3.93M","-0.72%"
"12-11-2023","69.13","70.34","70.34","69.09","2.34M","-0.80%"
"10-11-2023","69.69","69.71","69.96","69.60","2.42M","0.68%"
"09-11-2023","69.22","69.29","69.30","69.02","2.11M","-0.22%"
"08-11-2023","69.37","70.04","70.04","69.12","3.44M","-0.96%"
"07-11-2023","70.04","70.39","70.45","69.75","3.63M","-1.03%"
"06-11-2023","70.77","70.79","70.85","70.52","3.08M","1.36%"
"03-11-2023","69.82","70.18","70.18","69.70","7.00M","-1.22%"
"02-11-2023","70.68","70.39","70.80","70.31","1.30M","1.39%"
"01-11-2023","69.71","69.99","69.99","69.51","2.64M","-1.87%"
"31-10-2023","71.04","70.90","71.10","70.73","1.91M","0.27%"
"30-10-2023","70.85","70.61","71.00","70.47","2.14M","0.97%"
"27-10-2023","70.17","70.45","70.46","70.10","1.28M","-0.59%"
"26-10-2023","70.59","70.30","70.70","70.11","3.04M","0.83%"
"25-10-2023","70.01","70.48","70.51","69.75","1.78M","-1.28%"
"23-10-2023","70.92","70.76","71.14","70.51","4.23M","0.23%"
"20-10-2023","70.76","70.50","70.90","70.08","2.19M","0.68%"
"19-10-2023","70.28","70.49","70.65","70.10","2.35M","-0.80%"
"18-10-2023","70.85","70.31","70.94","70.31","3.74M","1.50%"
"17-10-2023","69.80","69.79","69.91","69.45","2.75M","0.11%"
"16-10-2023","69.72","70.39","70.40","69.35","4.34M","1.50%"
"13-10-2023","68.69","68.68","68.88","68.45","2.12M","-0.30%"
"12-10-2023","68.90","69.79","69.79","68.77","4.91M","-0.89%"
"11-10-2023","69.52","70.10","71.55","69.24","2.62M","0.10%"
"10-10-2023","69.45","69.31","69.68","69.00","5.03M","0.20%"
"09-10-2023","69.31","68.50","69.70","68.32","5.07M","1.55%"
"06-10-2023","68.25","67.29","68.40","67.18","2.89M","1.28%"
"05-10-2023","67.39","67.00","67.58","66.88","4.11M","0.49%"
"04-10-2023","67.06","69.50","69.50","66.94","7.71M","-0.99%"
"03-10-2023","67.73","67.48","68.43","66.10","14.05M","-4.01%"
"29-09-2023","70.56","70.24","70.73","70.00","1.30M","1.45%"
"28-09-2023","69.55","69.50","69.64","69.28","2.51M","-0.60%"
"27-09-2023","69.97","70.00","70.13","69.75","2.39M","-0.79%"
"26-09-2023","70.53","70.55","70.64","70.12","3.10M","-1.65%"
"25-09-2023","71.71","71.89","71.97","71.42","2.21M","-0.17%"
"22-09-2023","71.83","71.33","72.03","71.32","3.85M","1.27%"
"21-09-2023","70.93","71.09","71.14","70.71","1.54M","-0.21%"
"20-09-2023","71.08","71.00","71.24","70.80","1.80M","0.00%"
"18-09-2023","71.08","71.36","71.36","70.74","1.94M","0.49%"
"15-09-2023","70.73","70.02","70.80","69.87","2.19M","2.12%"
"14-09-2023","69.26","70.06","70.15","69.06","5.41M","-1.13%"
"13-09-2023","70.05","70.29","70.35","69.78","2.42M","-0.34%"
"12-09-2023","70.29","70.61","70.84","70.20","2.00M","-0.45%"
"11-09-2023","70.61","70.36","70.99","70.05","2.53M","0.63%"
"08-09-2023","70.17","70.41","70.49","70.04","3.13M","-0.33%"
"07-09-2023","70.40","70.40","70.50","70.17","3.29M","-1.01%"
"06-09-2023","71.12","71.48","71.50","70.86","1.73M","-0.15%"
"05-09-2023","71.23","72.20","72.20","71.11","2.76M","-1.66%"
"04-09-2023","72.43","73.60","73.60","72.35","2.65M","-1.52%"
"01-09-2023","73.55","73.30","73.61","72.86","1.55M","0.35%"
"31-08-2023","73.29","73.50","73.51","73.10","984.16K","-0.26%"
"30-08-2023","73.48","73.35","73.69","73.35","1.98M","1.09%"
"29-08-2023","72.69","72.71","72.90","72.56","861.99K","0.29%"
"28-08-2023","72.48","72.56","72.67","72.45","703.44K","-0.10%"
"25-08-2023","72.55","71.99","72.70","71.99","1.54M","0.01%"
"24-08-2023","72.54","72.00","72.80","71.85","2.93M","1.28%"
"23-08-2023","71.62","71.18","71.80","71.18","2.65M","0.94%"
"22-08-2023","70.95","70.61","71.05","70.60","1.72M","1.75%"
"21-08-2023","69.73","69.70","69.85","69.53","1.16M","0.14%"
"18-08-2023","69.63","69.60","69.85","69.45","1.28M","0.67%"
"17-08-2023","69.17","69.69","69.69","68.79","3.25M","-0.73%"
"16-08-2023","69.68","69.33","69.74","69.18","983.23K","0.52%"
"14-08-2023","69.32","69.20","69.80","69.04","1.29M","0.10%"
"11-08-2023","69.25","72.18","72.18","69.11","2.04M","-0.33%"
"10-08-2023","69.48","69.61","69.65","69.04","1.67M","0.10%"
"09-08-2023","69.41","71.13","71.13","69.34","2.84M","-1.29%"
"08-08-2023","70.32","70.49","70.49","70.10","1.96M","-1.01%"
"07-08-2023","71.04","71.15","71.18","70.94","947.34K","-0.14%"
"04-08-2023","71.14","71.23","71.37","70.84","1.26M","0.00%"
"03-08-2023","71.14","72.97","72.97","70.86","3.22M","-2.51%"
"02-08-2023","72.97","73.10","73.13","72.27","937.93K","-0.55%"
"01-08-2023","73.37","73.51","73.70","73.19","1.04M","0.95%"
"31-07-2023","72.68","73.74","73.74","72.43","639.96K","0.39%"
"28-07-2023","72.40","72.80","72.80","72.22","2.03M","-2.36%"
"27-07-2023","74.15","74.22","74.49","74.10","1.07M","0.77%"
"26-07-2023","73.58","73.41","73.64","73.16","728.26K","0.56%"
"25-07-2023","73.17","73.28","73.35","72.76","615.47K","-0.08%"
"24-07-2023","73.23","73.65","73.65","72.88","1.10M","-0.30%"
"21-07-2023","73.45","74.15","74.15","73.36","1.10M","-1.75%"
"20-07-2023","74.76","74.68","74.87","74.50","957.02K","0.46%"
"19-07-2023","74.42","74.05","74.45","74.05","953.89K","0.50%"
"18-07-2023","74.05","73.88","74.25","73.81","1.28M","0.33%"
"17-07-2023","73.81","73.53","74.02","73.53","1.41M","0.27%"
"14-07-2023","73.61","73.50","73.84","73.33","2.97M","2.02%"
"13-07-2023","72.15","71.83","72.24","71.77","4.58M","3.23%"
"12-07-2023","69.89","70.09","70.11","69.76","417.32K","-0.16%"
"11-07-2023","70.00","73.13","73.13","69.80","1.19M","0.50%"
"10-07-2023","69.65","72.39","72.39","69.51","1.16M","1.03%"
"07-07-2023","68.94","68.98","69.00","68.73","1.36M","-1.15%"
"06-07-2023","69.74","69.51","70.05","69.51","1.94M","1.19%"
"05-07-2023","68.92","68.94","69.10","68.64","1.27M","-0.14%"
"04-07-2023","69.02","68.76","69.10","68.70","782.20K","0.76%"
"03-07-2023","68.50","68.25","68.64","68.12","2.03M","1.38%"
"30-06-2023","67.57","68.54","68.54","67.35","2.42M","-1.18%"
"28-06-2023","68.38","68.80","68.85","68.22","966.12K","-0.61%"
"27-06-2023","68.80","69.88","69.88","68.66","786.01K","0.47%"
"26-06-2023","68.48","68.00","68.60","68.00","1.15M","1.59%"
"23-06-2023","67.41","66.99","67.52","66.95","3.08M","-1.00%"
"22-06-2023","68.09","68.30","68.45","67.82","3.09M","-1.83%"
"21-06-2023","69.36","71.50","71.50","69.18","4.59M","-2.93%"
"20-06-2023","71.45","71.75","71.75","71.32","538.49K","-0.40%"
"19-06-2023","71.74","71.79","71.91","71.47","690.26K","0.35%"
"16-06-2023","71.49","71.13","71.60","70.96","982.88K","1.95%"
"15-06-2023","70.12","71.14","71.14","69.89","2.14M","-1.90%"
"14-06-2023","71.48","71.70","71.70","71.14","830.79K","-1.09%"
"13-06-2023","72.27","72.27","72.35","72.00","529.77K","-0.11%"
"12-06-2023","72.35","73.00","73.00","72.00","781.09K","-0.43%"
"09-06-2023","72.66","72.11","72.90","72.11","1.82M","2.25%"
"08-06-2023","71.06","70.89","71.18","70.61","673.76K","0.49%"
"07-06-2023","70.71","72.85","72.85","70.32","793.48K","-0.03%"
"06-06-2023","70.73","70.89","71.05","70.50","799.36K","0.14%"
"05-06-2023","70.63","71.12","71.12","70.41","720.40K","-1.19%"
"02-06-2023","71.48","71.31","71.59","71.31","1.38M","1.68%"
"01-06-2023","70.30","70.49","70.75","70.01","876.59K","0.17%"
"31-05-2023","70.18","71.00","71.00","69.76","979.77K","0.31%"
"30-05-2023","69.96","70.21","70.21","69.36","977.23K","-0.34%"
"29-05-2023","70.20","70.99","70.99","69.86","870.09K","0.65%"
"26-05-2023","69.75","69.62","69.86","69.25","1.44M","0.04%"
"25-05-2023","69.72","69.65","69.79","69.32","1.17M","-0.99%"
"24-05-2023","70.42","70.40","70.68","70.13","520.43K","0.72%"
"23-05-2023","69.92","71.40","71.40","69.84","2.46M","-2.46%"
"22-05-2023","71.68","71.69","71.78","71.17","1.06M","0.66%"
"19-05-2023","71.21","71.30","71.41","70.81","1.36M","0.76%"
"18-05-2023","70.67","70.99","71.10","70.41","1.05M","-0.39%"
"17-05-2023","70.95","71.19","71.22","70.80","647.54K","-0.42%"
"16-05-2023","71.25","71.88","71.88","70.99","1.15M","-0.81%"
"15-05-2023","71.83","71.89","72.00","71.21","989.40K","1.04%"
"12-05-2023","71.09","71.90","72.15","70.75","3.05M","-3.79%"
"11-05-2023","73.89","75.42","75.42","73.60","1.58M","-2.03%"
"10-05-2023","75.42","75.74","75.74","75.32","377.00K","0.25%"
"09-05-2023","75.23","75.55","75.55","74.80","731.03K","-0.03%"
"08-05-2023","75.25","75.39","75.47","75.19","1.05M","-0.90%"
"05-05-2023","75.93","75.86","76.27","75.85","994.84K","1.04%"
"04-05-2023","75.15","75.05","75.41","74.83","1.33M","0.99%"
"03-05-2023","74.41","74.11","74.51","74.10","1.04M","1.95%"
"02-05-2023","72.99","73.08","73.48","72.86","862.10K","-0.12%"
"28-04-2023","73.08","73.28","73.31","72.86","1.07M","-0.50%"
"27-04-2023","73.45","73.10","74.13","73.10","848.00K","-0.08%"
"26-04-2023","73.51","73.69","73.73","73.29","1.42M","-0.30%"
"25-04-2023","73.73","74.04","74.07","73.63","1.11M","0.08%"
"24-04-2023","73.67","73.57","73.78","73.14","1.33M","-0.37%"
"21-04-2023","73.94","74.58","74.58","73.74","1.07M","-0.84%"
"20-04-2023","74.57","73.81","74.78","73.80","2.25M","2.15%"
"19-04-2023","73.00","73.92","74.38","72.90","1.41M","-0.92%"
"18-04-2023","73.68","73.98","73.98","73.14","1.05M","-1.26%"
"17-04-2023","74.62","74.86","74.91","74.03","1.43M","-0.32%"
"13-04-2023","74.86","74.47","75.00","74.42","1.94M","1.37%"
"12-04-2023","73.85","74.20","74.51","73.64","7.65M","0.38%"
"11-04-2023","73.57","73.20","73.76","73.12","1.88M","0.45%"
"10-04-2023","73.24","72.98","73.38","72.75","1.37M","0.03%"
"06-04-2023","73.22","72.90","73.35","72.55","2.02M","0.37%"
"05-04-2023","72.95","72.60","73.50","72.60","4.59M","3.64%"
"03-04-2023","70.39","69.01","70.52","68.55","3.09M","-0.40%"
"31-03-2023","70.67","70.11","70.78","70.11","2.65M","2.12%"
"29-03-2023","69.20","68.70","69.28","68.70","914.49K","1.30%"
"28-03-2023","68.31","68.58","68.72","68.14","1.92M","-0.16%"
"27-03-2023","68.42","68.89","69.05","68.32","2.23M","-0.81%"
"24-03-2023","68.98","68.56","69.15","68.53","1.70M","1.05%"
"23-03-2023","68.26","68.02","68.57","68.02","3.43M","1.23%"
"22-03-2023","67.43","67.27","67.58","67.02","740.20K","0.10%"
"21-03-2023","67.36","67.60","67.97","67.15","1.38M","-0.34%"
"20-03-2023","67.59","66.82","68.06","66.81","4.59M","2.58%"
"17-03-2023","65.89","66.11","66.29","65.75","1.25M","-0.53%"
"16-03-2023","66.24","65.52","66.38","65.51","2.63M","1.28%"
"15-03-2023","65.40","65.31","65.65","65.10","1.14M","0.75%"
"14-03-2023","64.91","64.66","65.85","64.66","3.28M","2.87%"
"13-03-2023","63.10","61.98","63.37","61.98","2.04M","3.00%"
"10-03-2023","61.26","60.98","61.32","60.79","3.71M","0.53%"
"09-03-2023","60.94","61.49","61.49","60.88","2.92M","-0.59%"
"08-03-2023","61.30","62.50","62.50","60.95","3.58M","-3.80%"
"06-03-2023","63.72","63.90","63.99","63.58","466.23K","0.28%"
"03-03-2023","63.54","63.78","63.78","63.32","741.51K","0.52%"
"02-03-2023","63.21","63.59","63.62","63.15","545.49K","-0.86%"
"01-03-2023","63.76","63.42","64.09","63.42","564.09K","2.05%"
"28-02-2023","62.48","62.91","62.91","62.22","941.96K","-0.68%"
"27-02-2023","62.91","63.96","63.96","62.29","1.08M","-1.55%"
"24-02-2023","63.90","64.71","64.71","63.69","977.37K","-0.98%"
"23-02-2023","64.53","64.89","65.13","64.42","1.03M","-1.06%"
"22-02-2023","65.22","65.43","65.48","65.14","2.80M","0.15%"
"21-02-2023","65.12","67.30","67.30","64.96","540.93K","-0.32%"
"20-02-2023","65.33","64.50","65.44","64.50","720.40K","1.90%"
"17-02-2023","64.11","65.04","65.04","63.97","1.32M","-1.34%"
"16-02-2023","64.98","66.30","66.30","64.82","1.08M","0.28%"
"15-02-2023","64.80","65.47","65.47","64.72","852.01K","-1.16%"
"14-02-2023","65.56","65.79","65.95","65.46","550.19K","-0.09%"
"13-02-2023","65.62","66.00","66.00","65.51","665.09K","-0.64%"
"10-02-2023","66.04","66.19","66.47","65.59","1.22M","-1.05%"
"09-02-2023","66.74","66.84","67.02","66.64","441.18K","-0.15%"
"08-02-2023","66.84","66.79","67.08","66.61","635.05K","0.04%"
"07-02-2023","66.81","66.70","66.95","66.62","1.03M","-0.16%"
"06-02-2023","66.92","67.50","67.50","66.81","1.78M","-2.85%"
"03-02-2023","68.88","69.48","69.48","68.61","1.29M","-2.44%"
"02-02-2023","70.60","69.52","70.76","69.51","1.56M","2.75%"
"01-02-2023","68.71","67.75","69.10","67.50","2.53M","2.58%"
"31-01-2023","66.98","67.57","67.57","66.92","787.23K","-0.70%"
"30-01-2023","67.45","67.46","67.68","67.36","514.93K","-0.03%"
"27-01-2023","67.47","67.86","67.86","67.32","755.83K","0.33%"
"25-01-2023","67.25","67.30","67.39","67.10","620.85K","-0.09%"
"24-01-2023","67.31","67.70","67.70","67.02","808.17K","-0.31%"
"23-01-2023","67.52","67.87","67.98","67.34","1.48M","-0.10%"
"20-01-2023","67.59","67.41","67.89","67.10","892.88K","1.27%"
"19-01-2023","66.74","68.07","68.07","66.53","1.99M","-2.14%"
"18-01-2023","68.20","68.01","68.38","67.85","795.38K","0.22%"
"17-01-2023","68.05","68.45","68.51","67.98","1.28M","-0.31%"
"16-01-2023","68.26","68.01","68.35","68.01","1.29M","1.61%"
"13-01-2023","67.18","67.21","67.50","66.82","2.14M","0.04%"
"12-01-2023","67.15","67.50","67.50","66.89","1.11M","-0.58%"
"11-01-2023","67.54","67.08","67.69","67.02","674.65K","0.69%"
"10-01-2023","67.08","68.00","68.01","66.70","794.15K","-1.28%"
"09-01-2023","67.95","67.51","68.50","67.51","877.04K","1.60%"
"06-01-2023","66.88","67.00","67.19","66.80","1.22M","-0.06%"
"05-01-2023","66.92","67.89","67.89","66.40","2.21M","-2.63%"
"04-01-2023","68.73","68.29","68.80","68.08","1.08M","0.09%"
"03-01-2023","68.67","67.98","68.90","67.98","1.56M","1.48%"
"02-01-2023","67.67","67.78","67.78","67.33","589.56K","0.65%"
"30-12-2022","67.23","67.68","67.75","67.20","1.28M","0.40%"
"29-12-2022","66.96","66.89","67.13","66.69","791.71K","0.00%"
"28-12-2022","66.96","67.79","67.79","66.81","1.04M","-1.49%"
"27-12-2022","67.97","67.24","68.00","66.95","1.21M","1.87%"
"26-12-2022","66.72","66.85","67.00","66.67","483.56K","-0.06%"
"23-12-2022","66.76","66.69","66.87","66.44","1.18M","-0.24%"
"22-12-2022","66.92","67.51","67.60","66.75","3.04M","-0.70%"
"21-12-2022","67.39","67.45","67.85","67.33","1.66M","0.57%"
"20-12-2022","67.01","65.90","67.19","65.49","1.73M","1.35%"
"19-12-2022","66.12","65.61","66.20","65.61","1.14M","1.86%"
"16-12-2022","64.91","65.68","65.75","64.77","1.46M","-1.01%"
"15-12-2022","65.57","66.49","66.49","65.50","1.50M","-1.66%"
"14-12-2022","66.68","66.51","67.03","66.51","1.29M","0.89%"
"13-12-2022","66.09","66.24","66.24","66.00","1.09M","-0.03%"
"12-12-2022","66.11","65.00","66.25","65.00","1.92M","1.27%"
"09-12-2022","65.28","65.71","65.80","65.10","1.80M","1.12%"
"08-12-2022","64.56","64.98","64.98","64.16","931.36K","1.14%"
"07-12-2022","63.83","64.00","64.14","63.80","1.60M","-0.45%"
"06-12-2022","64.12","64.39","64.39","63.79","2.35M","-1.52%"
"05-12-2022","65.11","64.00","65.31","64.00","2.63M","2.12%"
"02-12-2022","63.76","62.89","63.95","62.89","2.93M","1.97%"
"01-12-2022","62.53","62.00","62.98","62.00","2.81M","1.97%"
"30-11-2022","61.32","61.38","61.44","61.08","656.78K","0.18%"
"29-11-2022","61.21","61.42","61.42","61.01","1.38M","-0.37%"
"28-11-2022","61.44","60.10","61.58","60.10","1.37M","0.57%"
"25-11-2022","61.09","61.79","61.79","61.00","1.33M","-0.60%"
"24-11-2022","61.46","61.00","61.61","61.00","1.19M","1.14%"
"23-11-2022","60.77","60.79","61.05","60.45","1.75M","-0.07%"
"22-11-2022","60.81","60.40","60.92","60.40","1.20M","1.47%"
"21-11-2022","59.93","61.82","61.82","59.85","1.53M","-1.46%"
"18-11-2022","60.82","60.84","60.90","60.49","823.26K","0.40%"
"17-11-2022","60.58","60.83","60.97","60.53","1.21M","-1.59%"
"16-11-2022","61.56","61.50","61.70","61.00","1.44M","-0.36%"
"15-11-2022","61.78","61.50","62.05","61.50","1.50M","1.03%"
"14-11-2022","61.15","61.45","61.58","60.90","1.37M","-0.70%"
"11-11-2022","61.58","62.21","62.21","60.91","2.85M","1.68%"
"10-11-2022","60.56","60.73","60.73","60.00","1.31M","-0.28%"
"09-11-2022","60.73","60.90","61.80","60.46","2.84M","1.27%"
"07-11-2022","59.97","59.62","60.09","59.21","3.60M","2.83%"
"04-11-2022","58.32","57.49","58.42","57.49","1.85M","2.35%"
"03-11-2022","56.98","58.37","58.37","56.87","2.27M","-2.38%"
"02-11-2022","58.37","58.31","58.59","58.25","997.29K","-0.09%"
"01-11-2022","58.42","57.69","58.57","57.49","2.63M","2.29%"
"31-10-2022","57.11","57.25","57.30","56.75","1.41M","-0.17%"
"28-10-2022","57.21","57.76","57.85","57.10","1.28M","-0.28%"
"27-10-2022","57.37","59.99","59.99","57.25","1.79M","1.50%"
"25-10-2022","56.52","56.95","57.18","56.32","1.33M","-0.72%"
"24-10-2022","56.93","57.01","57.05","56.25","1.29M","2.85%"
"21-10-2022","55.35","55.98","55.99","55.25","2.99M","-0.82%"
"20-10-2022","55.81","55.25","55.92","55.24","796.64K","0.18%"
"19-10-2022","55.71","56.00","56.14","55.42","1.05M","-0.27%"
"18-10-2022","55.86","55.98","56.28","55.62","1.61M","0.61%"
"17-10-2022","55.52","56.00","60.99","54.99","2.75M","-0.54%"
"14-10-2022","55.82","56.58","56.74","55.70","2.24M","-1.86%"
"13-10-2022","56.88","56.90","56.98","56.47","1.87M","-0.47%"
"12-10-2022","57.15","56.94","57.20","56.73","892.59K","-0.12%"
"11-10-2022","57.22","57.98","57.98","57.11","1.04M","-1.77%"
"10-10-2022","58.25","61.00","61.00","58.00","2.22M","-3.70%"
"07-10-2022","60.49","60.41","60.64","60.20","1.30M","1.10%"
"06-10-2022","59.83","59.51","60.40","46.15","1.77M","-0.65%"
"04-10-2022","60.22","58.91","60.60","58.91","5.67M","5.87%"
"03-10-2022","56.88","56.30","57.20","56.30","1.34M","1.35%"
"30-09-2022","56.12","55.70","56.35","55.42","1.02M","1.24%"
"29-09-2022","55.43","54.50","55.60","54.50","1.15M","2.61%"
"28-09-2022","54.02","54.90","54.90","53.92","1.53M","-1.85%"
"27-09-2022","55.04","54.94","55.35","54.62","923.73K","-0.40%"
"26-09-2022","55.26","53.00","55.48","53.00","2.23M","-2.26%"
"23-09-2022","56.54","57.35","57.44","56.43","902.31K","-1.05%"
"22-09-2022","57.14","56.39","57.22","56.24","1.69M","1.33%"
"21-09-2022","56.39","55.99","56.48","55.73","1.29M","0.73%"
"20-09-2022","55.98","56.20","56.37","55.92","533.22K","0.13%"
"19-09-2022","55.91","55.50","56.39","55.50","683.19K","1.69%"
"16-09-2022","54.98","55.74","55.89","54.61","1.72M","-2.21%"
"15-09-2022","56.22","56.40","56.40","55.90","534.36K","0.05%"
"14-09-2022","56.19","55.89","56.25","55.75","1.07M","-0.97%"
"13-09-2022","56.74","55.67","56.84","55.67","2.30M","2.18%"
"12-09-2022","55.53","54.69","55.60","54.58","1.38M","1.80%"
"09-09-2022","54.55","54.50","54.62","54.31","1.66M","1.02%"
"08-09-2022","54.00","53.59","54.10","53.59","1.75M","1.39%"
"07-09-2022","53.26","53.26","53.38","52.60","2.19M","-0.75%"
"06-09-2022","53.66","53.79","53.90","53.51","1.84M","0.45%"
"05-09-2022","53.42","53.00","53.49","52.82","1.13M","1.29%"
"02-09-2022","52.74","52.60","53.00","52.51","2.42M","0.90%"
"01-09-2022","52.27","54.00","54.50","52.10","7.13M","-3.84%"
"30-08-2022","54.36","59.80","59.80","54.26","2.47M","-0.02%"
"29-08-2022","54.37","55.56","55.56","54.23","2.50M","-2.14%"
"26-08-2022","55.56","55.75","55.88","55.42","1.18M","-0.48%"
"25-08-2022","55.83","55.50","55.95","55.41","844.09K","0.96%"
"24-08-2022","55.30","55.45","55.47","55.12","647.18K","0.33%"
"23-08-2022","55.12","54.99","55.30","54.83","1.42M","0.38%"
"22-08-2022","54.91","55.40","55.60","54.83","2.04M","-1.37%"
"19-08-2022","55.67","56.50","56.60","55.50","2.18M","-2.18%"
"18-08-2022","56.91","57.11","57.29","56.60","1.01M","-0.78%"
"17-08-2022","57.36","57.80","58.09","57.25","902.73K","-0.54%"
"16-08-2022","57.67","58.10","58.10","57.57","966.11K","-0.77%"
"12-08-2022","58.12","58.50","58.60","58.01","546.89K","-0.62%"
"11-08-2022","58.48","58.20","58.66","58.15","450.70K","0.21%"
"10-08-2022","58.36","57.80","58.51","57.80","610.76K","1.16%"
"08-08-2022","57.69","57.10","57.79","57.02","765.01K","0.56%"
"05-08-2022","57.37","57.90","57.90","57.32","440.32K","-0.80%"
"04-08-2022","57.83","57.00","57.90","57.00","690.68K","1.65%"
"03-08-2022","56.89","57.05","57.20","56.72","757.07K","-1.04%"
"02-08-2022","57.49","57.70","57.90","57.32","686.35K","-0.79%"
"01-08-2022","57.95","57.60","58.04","57.42","545.28K","0.96%"
"29-07-2022","57.40","56.20","57.90","56.20","1.73M","2.41%"
"28-07-2022","56.05","55.25","56.37","55.25","1.29M","2.56%"
"27-07-2022","54.65","54.29","54.79","54.27","609.44K","0.66%"
"26-07-2022","54.29","54.45","54.55","54.26","1.26M","-1.02%"
"25-07-2022","54.85","54.99","54.99","54.60","797.71K","-0.58%"
"22-07-2022","55.17","55.11","55.60","54.91","550.62K","1.43%"
"21-07-2022","54.39","55.25","55.25","54.30","1.69M","-2.19%"
"20-07-2022","55.61","56.98","56.98","55.32","514.09K","0.05%"
"19-07-2022","55.58","55.20","55.69","55.20","652.83K","-0.59%"
"18-07-2022","55.91","55.90","55.98","55.51","583.26K","2.25%"
"15-07-2022","54.68","55.75","55.75","54.26","1.24M","-2.39%"
"14-07-2022","56.02","56.70","56.70","55.98","819.44K","-0.46%"
"13-07-2022","56.28","57.00","57.00","56.15","397.22K","0.18%"
"12-07-2022","56.18","57.80","57.80","56.15","929.82K","-1.09%"
"11-07-2022","56.80","56.50","57.09","56.50","891.53K","0.19%"
"08-07-2022","56.69","57.90","57.94","56.53","1.30M","-1.01%"
"07-07-2022","57.27","57.45","68.00","56.95","1.03M","-0.14%"
"06-07-2022","57.35","64.50","64.50","56.47","956.63K","-1.56%"
"05-07-2022","58.26","58.20","58.80","58.15","400.34K","0.43%"
"04-07-2022","58.01","58.90","58.94","57.70","592.73K","0.07%"
"01-07-2022","57.97","59.00","59.60","57.90","890.41K","-1.70%"
"30-06-2022","58.97","59.31","59.38","58.91","472.96K","-0.56%"
"29-06-2022","59.30","59.88","59.88","59.21","589.89K","-1.76%"
"28-06-2022","60.36","60.30","60.41","59.82","152.65K","-0.36%"
"27-06-2022","60.58","59.60","60.65","59.60","553.57K","2.11%"
"24-06-2022","59.33","60.05","60.05","59.12","583.80K","-1.20%"
"23-06-2022","60.05","60.24","60.39","60.00","166.63K","-0.40%"
"22-06-2022","60.29","60.01","60.60","60.01","266.48K","-1.02%"
"21-06-2022","60.91","61.15","61.15","60.55","99.04K","0.10%"
"20-06-2022","60.85","61.10","61.10","60.65","260.08K","-0.77%"
"17-06-2022","61.32","60.50","61.45","60.50","760.12K","1.00%"
"16-06-2022","60.71","61.24","61.24","60.50","370.20K","0.41%"
"15-06-2022","60.46","60.00","60.60","59.72","319.06K","1.15%"
"14-06-2022","59.77","64.80","64.80","59.71","741.24K","-1.52%"
"13-06-2022","60.69","61.38","61.38","60.59","545.68K","0.20%"
"10-06-2022","60.57","60.99","61.02","60.52","677.56K","-1.61%"
"09-06-2022","61.56","61.72","61.97","61.50","174.97K","-0.24%"
"08-06-2022","61.71","61.66","62.08","61.65","232.09K","0.18%"
"07-06-2022","61.60","62.00","62.00","61.31","301.95K","-0.93%"
"06-06-2022","62.18","62.20","62.29","61.61","248.05K","0.08%"
"03-06-2022","62.13","61.99","62.35","61.99","302.13K","0.84%"
"02-06-2022","61.61","64.80","64.80","61.01","198.73K","1.97%"
"01-06-2022","60.42","64.80","64.80","60.30","566.30K","-1.48%"
"31-05-2022","61.33","61.74","61.74","61.10","264.30K","-0.74%"
"30-05-2022","61.79","62.19","62.49","61.71","248.19K","-0.68%"
"27-05-2022","62.21","61.40","62.80","61.40","311.28K","1.78%"
"26-05-2022","61.12","61.20","61.38","61.02","263.46K","-0.52%"
"25-05-2022","61.44","61.72","61.90","61.36","371.25K","0.13%"
"24-05-2022","61.36","61.45","61.57","60.96","638.97K","-1.06%"
"23-05-2022","62.02","63.40","63.69","61.10","325.34K","0.19%"
"20-05-2022","61.90","61.99","64.96","61.26","325.36K","2.18%"
"19-05-2022","60.58","61.30","61.99","60.12","564.48K","-0.98%"
"18-05-2022","61.18","61.38","61.99","60.55","562.66K","-0.33%"
"17-05-2022","61.38","60.40","61.50","60.40","438.56K","2.33%"
"16-05-2022","59.98","59.50","60.20","59.41","439.98K","1.42%"
"13-05-2022","59.14","59.99","59.99","58.75","974.55K","-1.42%"
"12-05-2022","59.99","61.36","61.36","59.89","2.01M","-2.23%"
"11-05-2022","61.36","61.50","61.50","60.21","553.28K","-0.45%"
"10-05-2022","61.64","62.29","62.29","61.38","451.14K","-0.55%"
"09-05-2022","61.98","64.01","64.01","61.85","522.81K","-0.82%"
"06-05-2022","62.49","63.34","63.34","62.02","799.20K","-1.36%"
"05-05-2022","63.35","62.70","64.00","62.70","519.36K","1.15%"
"04-05-2022","62.63","62.50","62.79","62.35","720.15K","-0.32%"
"02-05-2022","62.83","64.45","64.45","62.55","1.78M","-2.69%"
"29-04-2022","64.57","64.40","64.80","64.21","798.57K","0.50%"
"28-04-2022","64.25","64.98","64.98","63.75","809.97K","-1.12%"
"27-04-2022","64.98","65.60","70.49","64.64","488.29K","-0.67%"
"26-04-2022","65.42","65.60","65.68","65.01","774.43K","0.17%"
"25-04-2022","65.31","66.33","66.33","65.20","1.24M","-1.54%"
"22-04-2022","66.33","67.83","67.83","66.15","1.23M","-1.68%"
"21-04-2022","67.46","68.20","68.20","67.35","581.10K","-0.88%"
"20-04-2022","68.06","69.18","69.18","67.86","707.14K","-2.21%"
"19-04-2022","69.60","69.88","69.98","69.31","579.14K","-0.03%"
"18-04-2022","69.62","68.31","69.99","68.31","940.47K","0.90%"
"13-04-2022","69.00","67.80","69.15","67.80","812.05K","2.37%"
"12-04-2022","67.40","68.00","68.00","67.26","915.73K","0.07%"
"11-04-2022","67.35","66.69","67.45","66.40","316.12K","1.31%"
"08-04-2022","66.48","66.38","66.55","66.06","268.06K","0.67%"
"07-04-2022","66.04","66.25","66.50","65.71","490.41K","0.09%"
"06-04-2022","65.98","66.00","66.05","65.46","448.93K","-0.26%"
"05-04-2022","66.15","66.50","66.50","65.90","587.45K","-0.59%"
"04-04-2022","66.54","66.98","66.98","66.00","563.05K","-0.27%"
"01-04-2022","66.72","66.60","66.96","66.55","290.91K","0.63%"
"31-03-2022","66.30","66.65","66.68","65.81","1.51M","-0.53%"
"30-03-2022","66.65","66.66","66.87","66.25","296.24K","0.39%"
"29-03-2022","66.39","67.50","67.50","66.32","709.26K","-1.43%"
"28-03-2022","67.35","67.00","68.19","67.00","482.80K","-1.82%"
"25-03-2022","68.60","67.80","68.68","67.80","973.09K","1.60%"
"24-03-2022","67.52","67.80","67.88","67.30","180.51K","0.27%"
"23-03-2022","67.34","67.30","67.40","66.70","705.06K","-0.19%"
"22-03-2022","67.47","67.80","68.49","67.27","901.53K","0.18%"
"21-03-2022","67.35","67.75","67.75","67.02","495.03K","-0.30%"
"17-03-2022","67.55","68.25","68.25","67.20","498.31K","0.61%"
"16-03-2022","67.14","66.96","67.20","66.87","421.07K","0.27%"
"15-03-2022","66.96","68.00","68.00","66.89","1.21M","-2.23%"
"14-03-2022","68.49","69.99","69.99","67.90","766.74K","-1.41%"
"11-03-2022","69.47","68.70","69.95","68.70","450.95K","1.42%"
"10-03-2022","68.50","68.50","69.70","67.50","1.85M","-3.04%"
"09-03-2022","70.65","71.58","74.00","70.13","3.07M","0.13%"
"08-03-2022","70.56","71.20","71.97","69.10","1.56M","0.27%"
"07-03-2022","70.37","67.60","70.90","67.60","2.52M","4.22%"
"04-03-2022","67.52","67.60","67.99","67.22","572.95K","0.06%"
"03-03-2022","67.48","67.30","68.00","67.03","278.65K","0.58%"
"02-03-2022","67.09","66.60","67.38","66.60","671.24K","3.45%"
"28-02-2022","64.85","65.00","65.68","64.70","278.82K","0.26%"
"25-02-2022","64.68","66.98","66.98","64.51","473.54K","-3.43%"
"24-02-2022","66.98","64.15","67.49","64.15","851.37K","4.53%"
"23-02-2022","64.08","64.29","64.45","64.00","518.11K","-0.33%"
"22-02-2022","64.29","63.50","64.55","63.50","482.15K","1.37%"
"21-02-2022","63.42","63.99","63.99","63.25","174.11K","-0.58%"
"18-02-2022","63.79","64.00","64.49","63.61","479.09K","-0.13%"
"17-02-2022","63.87","64.00","64.39","63.10","366.06K","1.00%"
"16-02-2022","63.24","63.30","63.39","62.85","257.82K","0.08%"
"15-02-2022","63.19","64.20","64.69","63.10","998.50K","-1.40%"
"14-02-2022","64.09","62.40","66.40","62.40","755.94K","2.77%"
"11-02-2022","62.36","62.98","62.98","62.02","671.00K","-0.70%"
"10-02-2022","62.80","63.00","64.90","62.20","341.08K","0.05%"
"09-02-2022","62.77","62.50","63.00","62.01","156.23K","0.79%"
"08-02-2022","62.28","62.00","63.00","61.55","65.67K","0.83%"

