"Date","Price","Open","High","Low","Vol.","Change %"
"30-12-2022","82.717","82.787","82.829","82.539","","-0.05%"
"29-12-2022","82.758","82.847","82.901","82.754","","0.03%"
"28-12-2022","82.736","82.840","82.930","82.747","","-0.11%"
"27-12-2022","82.830","82.675","82.909","82.655","","0.22%"
"26-12-2022","82.650","82.775","82.847","82.627","","-0.16%"
"23-12-2022","82.780","82.880","82.902","82.742","","-0.22%"
"22-12-2022","82.960","82.825","82.989","82.643","","0.10%"
"21-12-2022","82.880","82.730","82.933","82.654","","0.34%"
"20-12-2022","82.600","82.582","82.885","82.564","","-0.06%"
"19-12-2022","82.649","82.775","82.832","82.565","","-0.07%"
"16-12-2022","82.706","82.865","82.897","82.626","","-0.17%"
"15-12-2022","82.843","82.537","82.993","82.415","","0.45%"
"14-12-2022","82.474","82.610","82.715","82.402","","0.12%"
"13-12-2022","82.375","82.662","82.922","82.373","","-0.31%"
"12-12-2022","82.634","82.434","82.745","82.423","","0.27%"
"09-12-2022","82.410","82.244","82.509","82.086","","0.16%"
"08-12-2022","82.280","82.267","82.477","82.253","","0.09%"
"07-12-2022","82.204","82.422","82.783","82.188","","-0.33%"
"06-12-2022","82.480","81.904","82.643","81.897","","0.72%"
"05-12-2022","81.890","81.255","81.910","81.195","","0.59%"
"02-12-2022","81.410","81.165","81.527","81.082","","0.36%"
"01-12-2022","81.120","81.151","81.336","80.985","","-0.29%"
"30-11-2022","81.359","81.645","81.650","81.271","","-0.31%"
"29-11-2022","81.616","81.549","81.758","81.541","","-0.03%"
"28-11-2022","81.640","81.814","81.846","81.518","","-0.06%"
"25-11-2022","81.685","81.671","81.754","81.432","","0.09%"
"24-11-2022","81.613","81.633","81.777","81.588","","0.01%"
"23-11-2022","81.604","81.719","81.934","81.628","","-0.13%"
"22-11-2022","81.714","81.728","81.830","81.580","","0.02%"
"21-11-2022","81.699","81.672","81.927","81.579","","0.10%"
"18-11-2022","81.617","81.530","81.800","81.505","","0.13%"
"17-11-2022","81.510","81.453","81.854","81.422","","0.04%"
"16-11-2022","81.480","81.105","81.574","81.105","","0.52%"
"15-11-2022","81.061","80.992","81.449","80.703","","0.12%"
"14-11-2022","80.965","80.525","81.299","80.510","","0.61%"
"11-11-2022","80.477","80.565","80.996","80.483","","-0.19%"
"10-11-2022","80.630","81.444","81.930","80.632","","-0.87%"
"09-11-2022","81.335","81.340","81.628","81.210","","-0.04%"
"08-11-2022","81.370","81.832","82.034","81.241","","-0.53%"
"07-11-2022","81.804","82.075","82.324","81.809","","-0.19%"
"04-11-2022","81.962","82.690","82.740","81.970","","-0.93%"
"03-11-2022","82.731","82.894","82.996","82.693","","0.02%"
"02-11-2022","82.712","82.682","82.818","82.609","","0.08%"
"01-11-2022","82.650","82.817","82.826","82.494","","-0.14%"
"31-10-2022","82.770","82.386","82.877","82.316","","0.62%"
"28-10-2022","82.261","82.364","82.518","82.269","","-0.13%"
"27-10-2022","82.368","82.031","82.574","82.017","","0.57%"
"26-10-2022","81.901","82.445","82.539","81.961","","-0.74%"
"25-10-2022","82.515","82.755","82.859","82.413","","-0.28%"
"24-10-2022","82.744","82.603","82.884","82.572","","0.26%"
"21-10-2022","82.529","82.836","83.104","82.539","","-0.35%"
"20-10-2022","82.820","82.991","83.268","82.526","","-0.23%"
"19-10-2022","83.013","82.271","83.101","82.260","","0.88%"
"18-10-2022","82.291","82.134","82.381","81.998","","0.15%"
"17-10-2022","82.171","82.400","82.418","82.081","","-0.21%"
"14-10-2022","82.340","82.182","82.423","82.101","","0.20%"
"13-10-2022","82.172","82.179","82.660","82.100","","0.02%"
"12-10-2022","82.159","82.238","82.365","82.151","","-0.12%"
"11-10-2022","82.256","82.397","82.497","82.084","","-0.14%"
"10-10-2022","82.370","82.680","82.695","82.236","","-0.54%"
"07-10-2022","82.820","82.264","82.820","82.089","","0.93%"
"06-10-2022","82.060","81.515","82.298","81.460","","0.53%"
"05-10-2022","81.631","81.454","81.711","81.303","","0.22%"
"04-10-2022","81.451","81.490","81.680","81.265","","-0.05%"
"03-10-2022","81.494","81.504","81.923","81.480","","-0.02%"
"30-09-2022","81.509","81.473","81.710","81.142","","0.06%"
"29-09-2022","81.461","81.565","81.943","81.456","","0.07%"
"28-09-2022","81.406","81.850","82.005","81.338","","-0.37%"
"27-09-2022","81.705","81.352","81.772","81.277","","0.12%"
"26-09-2022","81.610","81.310","81.704","81.310","","0.44%"
"23-09-2022","81.250","81.025","81.266","80.760","","0.25%"
"22-09-2022","81.047","80.206","81.130","80.177","","1.43%"
"21-09-2022","79.907","79.760","80.056","79.730","","0.20%"
"20-09-2022","79.751","79.650","79.771","79.575","","0.07%"
"19-09-2022","79.693","79.686","79.818","79.569","","0.01%"
"16-09-2022","79.686","79.832","79.858","79.566","","-0.19%"
"15-09-2022","79.839","79.490","79.846","79.428","","0.51%"
"14-09-2022","79.431","79.566","79.620","79.349","","-0.18%"
"13-09-2022","79.577","79.375","79.607","78.998","","0.29%"
"12-09-2022","79.350","79.648","79.720","79.273","","-0.36%"
"09-09-2022","79.635","79.656","79.665","79.434","","-0.04%"
"08-09-2022","79.667","79.635","79.835","79.626","","0.05%"
"07-09-2022","79.630","79.908","79.974","79.594","","-0.30%"
"06-09-2022","79.870","79.803","79.916","79.735","","0.11%"
"05-09-2022","79.783","79.925","79.927","79.752","","0.08%"
"02-09-2022","79.717","79.710","79.914","79.604","","0.06%"
"01-09-2022","79.673","79.535","79.740","79.281","","0.23%"
"31-08-2022","79.491","79.707","79.717","79.415","","-0.22%"
"30-08-2022","79.665","79.968","79.985","79.417","","-0.36%"
"29-08-2022","79.954","79.989","80.135","79.892","","-0.01%"
"26-08-2022","79.961","79.883","79.983","79.709","","0.12%"
"25-08-2022","79.862","79.811","80.006","79.749","","0.10%"
"24-08-2022","79.780","79.875","79.900","79.691","","-0.08%"
"23-08-2022","79.847","79.875","79.919","79.682","","0.00%"
"22-08-2022","79.850","79.905","79.930","79.769","","-0.09%"
"19-08-2022","79.920","79.775","79.943","79.698","","0.21%"
"18-08-2022","79.750","79.405","79.765","79.372","","0.50%"
"17-08-2022","79.350","79.166","79.514","79.155","","0.13%"
"16-08-2022","79.248","79.550","79.605","79.250","","-0.34%"
"15-08-2022","79.518","79.654","79.658","79.459","","-0.15%"
"12-08-2022","79.641","79.610","79.759","79.590","","0.08%"
"11-08-2022","79.580","79.066","79.695","79.066","","0.62%"
"10-08-2022","79.090","79.560","79.613","79.018","","-0.59%"
"09-08-2022","79.563","79.582","79.661","79.497","","-0.03%"
"08-08-2022","79.584","79.425","79.689","79.420","","0.28%"
"05-08-2022","79.360","79.160","79.494","78.918","","0.25%"
"04-08-2022","79.160","79.096","79.840","79.048","","0.07%"
"03-08-2022","79.108","78.627","79.243","78.574","","0.66%"
"02-08-2022","78.587","78.961","79.002","78.393","","-0.47%"
"01-08-2022","78.959","79.185","79.241","78.894","","-0.48%"
"29-07-2022","79.336","79.604","79.604","79.168","","-0.36%"
"28-07-2022","79.626","79.763","79.855","79.586","","-0.27%"
"27-07-2022","79.845","79.823","79.995","79.774","","0.00%"
"26-07-2022","79.843","79.735","79.884","79.692","","0.19%"
"25-07-2022","79.691","79.784","79.885","79.678","","-0.17%"
"22-07-2022","79.830","79.883","79.938","79.803","","-0.03%"
"21-07-2022","79.850","80.026","80.067","79.760","","-0.16%"
"20-07-2022","79.980","79.907","80.067","79.878","","0.16%"
"19-07-2022","79.850","79.989","80.072","79.857","","-0.18%"
"18-07-2022","79.990","79.817","80.020","79.703","","0.29%"
"15-07-2022","79.760","79.867","79.979","79.715","","-0.16%"
"14-07-2022","79.890","79.708","80.235","79.666","","0.30%"
"13-07-2022","79.650","79.490","79.870","79.475","","0.25%"
"12-07-2022","79.450","79.466","79.666","79.459","","0.05%"
"11-07-2022","79.410","79.255","79.585","79.255","","0.19%"
"08-07-2022","79.260","79.180","79.435","79.128","","0.11%"
"07-07-2022","79.175","79.046","79.278","78.905","","0.16%"
"06-07-2022","79.047","79.186","79.398","78.922","","-0.32%"
"05-07-2022","79.298","78.964","79.428","78.956","","0.45%"
"04-07-2022","78.939","78.984","79.088","78.871","","-0.02%"
"01-07-2022","78.956","78.983","79.159","78.818","","-0.01%"
"30-06-2022","78.965","78.900","79.095","78.867","","0.03%"
"29-06-2022","78.945","79.004","79.075","78.856","","-0.06%"
"28-06-2022","78.995","78.445","79.047","78.438","","0.71%"
"27-06-2022","78.440","78.283","78.571","78.196","","0.24%"
"24-06-2022","78.255","78.182","78.375","78.120","","0.14%"
"23-06-2022","78.145","78.220","78.377","78.112","","-0.04%"
"22-06-2022","78.180","78.150","78.410","78.121","","0.06%"
"21-06-2022","78.133","77.937","78.143","77.935","","0.26%"
"20-06-2022","77.927","78.002","78.058","77.879","","-0.03%"
"17-06-2022","77.952","77.993","78.112","77.941","","-0.03%"
"16-06-2022","77.977","78.036","78.123","77.917","","-0.25%"
"15-06-2022","78.171","78.030","78.227","77.977","","0.19%"
"14-06-2022","78.022","78.128","78.128","77.953","","-0.10%"
"13-06-2022","78.104","78.185","78.323","77.963","","-0.05%"
"10-06-2022","78.144","77.804","78.208","77.778","","0.42%"
"09-06-2022","77.815","77.707","77.874","77.690","","0.14%"
"08-06-2022","77.709","77.700","77.811","77.598","","0.06%"
"07-06-2022","77.664","77.784","77.847","77.620","","-0.19%"
"06-06-2022","77.814","77.678","77.854","77.554","","0.26%"
"03-06-2022","77.615","77.423","77.680","77.393","","0.28%"
"02-06-2022","77.399","77.562","77.654","77.377","","-0.21%"
"01-06-2022","77.560","77.627","77.655","77.431","","-0.05%"
"31-05-2022","77.598","77.553","77.752","77.553","","0.06%"
"30-05-2022","77.554","77.595","77.595","77.487","","-0.09%"
"27-05-2022","77.624","77.640","77.703","77.533","","-0.02%"
"26-05-2022","77.636","77.504","77.716","77.504","","0.14%"
"25-05-2022","77.531","77.496","77.641","77.459","","0.07%"
"24-05-2022","77.475","77.528","77.690","77.463","","-0.09%"
"23-05-2022","77.545","77.678","77.738","77.445","","-0.41%"
"20-05-2022","77.865","77.432","77.891","77.432","","0.58%"
"19-05-2022","77.415","77.825","77.825","77.378","","-0.51%"
"18-05-2022","77.810","77.455","77.810","77.455","","0.43%"
"17-05-2022","77.476","77.822","77.822","77.375","","-0.46%"
"16-05-2022","77.833","77.512","77.911","77.512","","0.46%"
"13-05-2022","77.480","77.440","77.548","77.243","","0.06%"
"12-05-2022","77.435","77.418","77.645","77.294","","0.01%"
"11-05-2022","77.425","77.254","77.502","77.155","","0.26%"
"10-05-2022","77.225","77.374","77.472","77.114","","-0.18%"
"09-05-2022","77.365","76.987","77.535","76.987","","0.50%"
"06-05-2022","76.979","76.518","77.079","76.518","","0.61%"
"05-05-2022","76.514","76.149","76.578","76.007","","0.30%"
"04-05-2022","76.282","76.474","76.603","76.206","","-0.25%"
"03-05-2022","76.470","76.490","76.675","76.450","","-0.02%"
"02-05-2022","76.485","76.515","76.530","76.327","","-0.07%"
"29-04-2022","76.535","76.617","76.704","76.264","","-0.18%"
"28-04-2022","76.670","76.521","76.720","76.407","","0.05%"
"27-04-2022","76.632","76.773","76.816","76.498","","-0.06%"
"26-04-2022","76.680","76.546","76.705","76.451","","-0.09%"
"25-04-2022","76.748","76.556","76.800","76.552","","0.36%"
"22-04-2022","76.475","76.283","76.533","76.205","","0.28%"
"21-04-2022","76.262","76.282","76.390","76.080","","-0.01%"
"20-04-2022","76.269","76.475","76.548","76.156","","-0.23%"
"19-04-2022","76.445","76.285","76.560","76.253","","0.21%"
"18-04-2022","76.284","76.308","76.453","76.222","","-0.06%"
"15-04-2022","76.332","76.306","76.365","76.286","","0.05%"
"14-04-2022","76.292","76.145","76.296","76.081","","0.22%"
"13-04-2022","76.122","76.155","76.286","76.044","","0.05%"
"12-04-2022","76.082","75.938","76.196","75.938","","0.32%"
"11-04-2022","75.836","75.966","76.111","75.805","","-0.16%"
"08-04-2022","75.960","75.932","76.061","75.722","","0.06%"
"07-04-2022","75.913","75.962","76.050","75.776","","-0.04%"
"06-04-2022","75.947","75.424","76.074","75.424","","0.64%"
"05-04-2022","75.465","75.434","75.572","75.260","","0.02%"
"04-04-2022","75.451","75.922","75.951","75.354","","-0.72%"
"01-04-2022","75.995","75.918","76.021","75.863","","0.09%"
"31-03-2022","75.928","75.845","75.968","75.651","","0.14%"
"30-03-2022","75.823","75.668","75.984","75.615","","0.21%"
"29-03-2022","75.666","76.005","76.176","75.565","","-0.56%"
"28-03-2022","76.090","76.320","76.390","76.022","","-0.26%"
"25-03-2022","76.285","76.222","76.299","76.125","","-0.03%"
"24-03-2022","76.305","76.510","76.510","76.166","","-0.29%"
"23-03-2022","76.530","76.104","76.530","75.982","","0.49%"
"22-03-2022","76.159","76.308","76.520","75.996","","-0.17%"
"21-03-2022","76.285","76.034","76.285","76.005","","0.29%"
"18-03-2022","76.065","76.065","76.210","76.017","","0.17%"
"17-03-2022","75.937","76.054","76.090","75.755","","-0.35%"
"16-03-2022","76.200","76.271","76.482","76.108","","-0.29%"
"15-03-2022","76.420","76.470","76.690","76.302","","-0.04%"
"14-03-2022","76.450","76.654","76.720","76.440","","-0.08%"
"11-03-2022","76.511","76.371","76.737","76.272","","0.26%"
"10-03-2022","76.310","76.271","76.497","76.071","","-0.09%"
"09-03-2022","76.382","76.928","77.014","76.317","","-0.68%"
"08-03-2022","76.905","76.996","77.174","76.725","","-0.09%"
"07-03-2022","76.975","76.665","77.160","76.665","","0.72%"
"04-03-2022","76.425","75.945","76.438","75.944","","0.60%"
"03-03-2022","75.971","75.660","76.020","75.627","","0.44%"
"02-03-2022","75.638","75.928","75.947","75.590","","-0.19%"
"01-03-2022","75.782","75.289","75.817","75.284","","0.35%"
"28-02-2022","75.520","75.767","75.808","75.285","","0.59%"
"25-02-2022","75.075","75.415","75.475","75.075","","-0.71%"
"24-02-2022","75.615","74.679","75.835","74.643","","1.31%"
"23-02-2022","74.640","74.630","74.735","74.531","","0.01%"
"22-02-2022","74.630","74.692","74.999","74.602","","0.14%"
"21-02-2022","74.524","74.596","74.742","74.355","","-0.22%"
"18-02-2022","74.687","75.070","75.109","74.469","","-0.56%"
"17-02-2022","75.105","74.973","75.233","74.945","","0.07%"
"16-02-2022","75.050","75.198","75.319","74.955","","-0.17%"
"15-02-2022","75.177","75.630","75.749","75.162","","-0.67%"
"14-02-2022","75.686","75.571","75.712","75.377","","0.45%"
"11-02-2022","75.348","75.315","75.530","75.172","","0.33%"
"10-02-2022","75.102","74.815","75.288","74.806","","0.39%"
"09-02-2022","74.808","74.720","74.890","74.655","","0.12%"
"08-02-2022","74.719","74.639","74.823","74.599","","0.09%"
"07-02-2022","74.655","74.697","74.832","74.625","","0.01%"
"04-02-2022","74.645","74.644","74.843","74.601","","0.00%"
"03-02-2022","74.644","74.851","74.941","74.621","","-0.24%"
"02-02-2022","74.823","74.751","75.047","74.685","","0.10%"
"01-02-2022","74.751","74.561","74.902","74.432","","0.26%"
"31-01-2022","74.556","75.035","75.077","74.556","","-0.65%"
"28-01-2022","75.046","75.203","75.224","74.881","","-0.22%"
"27-01-2022","75.209","75.139","75.329","75.054","","0.41%"
"26-01-2022","74.903","74.798","74.979","74.720","","0.16%"
"25-01-2022","74.787","74.657","74.819","74.567","","0.19%"
"24-01-2022","74.642","74.373","74.757","74.307","","0.31%"
"21-01-2022","74.409","74.483","74.593","74.279","","-0.08%"
"20-01-2022","74.468","74.420","74.552","74.311","","0.02%"
"19-01-2022","74.455","74.567","74.747","74.375","","-0.15%"
"18-01-2022","74.565","74.243","74.618","74.213","","0.42%"
"17-01-2022","74.255","74.182","74.377","74.137","","0.13%"
"14-01-2022","74.156","73.929","74.213","73.916","","0.25%"
"13-01-2022","73.972","73.773","73.993","73.773","","0.24%"
"12-01-2022","73.797","73.797","74.072","73.762","","-0.03%"
"11-01-2022","73.817","74.047","74.056","73.767","","-0.28%"
"10-01-2022","74.025","74.215","74.235","73.996","","-0.34%"
"07-01-2022","74.278","74.434","74.434","74.246","","-0.14%"
"06-01-2022","74.385","74.432","74.520","74.326","","0.13%"
"05-01-2022","74.285","74.535","74.600","74.254","","-0.33%"
"04-01-2022","74.530","74.389","74.732","74.389","","0.17%"
"03-01-2022","74.400","74.484","74.502","74.266","","-0.12%"
"31-12-2021","74.486","74.422","74.532","74.106","","0.10%"
"30-12-2021","74.415","74.495","74.670","74.284","","-0.21%"
"29-12-2021","74.570","74.750","74.865","74.568","","-0.19%"
"28-12-2021","74.715","74.939","75.000","74.599","","-0.35%"
"27-12-2021","74.980","75.019","75.190","74.959","","-0.03%"
"24-12-2021","75.004","75.059","75.228","74.998","","-0.04%"
"23-12-2021","75.035","75.503","75.505","75.035","","-0.56%"
"22-12-2021","75.460","75.685","75.685","75.449","","-0.32%"
"21-12-2021","75.705","75.795","75.800","75.404","","-0.03%"
"20-12-2021","75.730","76.030","76.188","75.730","","-0.37%"
"17-12-2021","76.013","76.208","76.309","75.951","","-0.22%"
"16-12-2021","76.184","76.179","76.343","76.086","","-0.22%"
"15-12-2021","76.355","76.097","76.423","76.035","","0.41%"
"14-12-2021","76.045","75.775","76.045","75.752","","0.36%"
"13-12-2021","75.770","75.680","75.818","75.575","","0.07%"
"10-12-2021","75.718","75.633","75.885","75.585","","0.16%"
"09-12-2021","75.599","75.405","75.691","75.381","","0.29%"
"08-12-2021","75.384","75.412","75.591","75.306","","-0.03%"
"07-12-2021","75.409","75.397","75.513","75.272","","0.02%"
"06-12-2021","75.395","75.181","75.475","75.181","","0.20%"
"03-12-2021","75.241","75.017","75.349","74.948","","0.34%"
"02-12-2021","74.989","75.016","75.099","74.902","","-0.04%"
"01-12-2021","75.021","75.087","75.087","74.798","","-0.11%"
"30-11-2021","75.100","75.043","75.204","74.852","","0.07%"
"29-11-2021","75.050","74.826","75.186","74.803","","-0.02%"
"26-11-2021","75.065","74.601","75.105","74.575","","0.76%"
"25-11-2021","74.502","74.647","74.647","74.464","","-0.16%"
"24-11-2021","74.622","74.438","74.622","74.322","","0.24%"
"23-11-2021","74.447","74.440","74.592","74.371","","0.00%"
"22-11-2021","74.445","74.347","74.527","74.298","","0.13%"
"19-11-2021","74.350","74.184","74.498","74.184","","0.25%"
"18-11-2021","74.165","74.295","74.338","74.015","","-0.12%"
"17-11-2021","74.255","74.469","74.542","74.218","","-0.27%"
"16-11-2021","74.457","74.425","74.535","74.285","","0.07%"
"15-11-2021","74.404","74.373","74.520","74.340","","0.08%"
"12-11-2021","74.347","74.334","74.545","74.274","","0.05%"
"11-11-2021","74.312","74.410","74.607","74.282","","-0.14%"
"10-11-2021","74.415","74.187","74.437","74.076","","0.32%"
"09-11-2021","74.175","73.905","74.175","73.834","","0.34%"
"08-11-2021","73.921","74.224","74.295","73.876","","-0.36%"
"05-11-2021","74.191","74.560","74.582","74.171","","-0.48%"
"04-11-2021","74.548","74.450","74.567","74.218","","0.13%"
"03-11-2021","74.452","74.700","74.745","74.380","","-0.33%"
"02-11-2021","74.695","74.837","74.910","74.570","","-0.19%"
"01-11-2021","74.837","74.935","75.045","74.794","","-0.13%"
"29-10-2021","74.935","74.803","75.048","74.755","","0.20%"
"28-10-2021","74.788","75.069","75.136","74.750","","-0.37%"
"27-10-2021","75.069","74.942","75.110","74.884","","0.17%"
"26-10-2021","74.942","75.022","75.175","74.862","","-0.11%"
"25-10-2021","75.022","74.945","75.182","74.887","","0.03%"
"22-10-2021","74.999","74.869","74.999","74.672","","0.15%"
"21-10-2021","74.889","74.829","74.944","74.703","","0.11%"
"20-10-2021","74.810","75.075","75.209","74.761","","-0.41%"
"19-10-2021","75.120","75.240","75.275","74.892","","-0.12%"
"18-10-2021","75.210","75.041","75.409","75.041","","0.24%"
"15-10-2021","75.030","74.987","75.075","74.882","","0.05%"
"14-10-2021","74.995","75.256","75.385","74.970","","-0.41%"
"13-10-2021","75.306","75.502","75.535","75.194","","-0.24%"
"12-10-2021","75.488","75.434","75.685","75.179","","0.11%"
"11-10-2021","75.403","75.119","75.546","75.070","","0.36%"
"08-10-2021","75.131","74.844","75.197","74.822","","0.41%"
"07-10-2021","74.825","74.768","74.950","74.714","","0.06%"
"06-10-2021","74.778","74.522","75.066","74.522","","0.29%"
"05-10-2021","74.565","74.578","74.688","74.430","","-0.03%"
"04-10-2021","74.588","74.147","74.597","74.135","","0.59%"
"01-10-2021","74.150","74.190","74.389","74.090","","-0.03%"
"30-09-2021","74.170","74.326","74.361","74.115","","-0.17%"
"29-09-2021","74.298","74.174","74.359","74.097","","0.13%"
"28-09-2021","74.200","73.800","74.260","73.734","","0.51%"
"27-09-2021","73.825","73.685","73.886","73.610","","0.01%"
"24-09-2021","73.821","73.832","73.875","73.619","","0.01%"
"23-09-2021","73.810","73.880","73.912","73.600","","-0.02%"
"22-09-2021","73.825","73.777","73.955","73.675","","0.11%"
"21-09-2021","73.745","73.645","73.759","73.555","","0.12%"
"20-09-2021","73.653","73.825","73.847","73.615","","0.01%"
"17-09-2021","73.645","73.526","73.645","73.413","","0.10%"
"16-09-2021","73.575","73.445","73.616","73.335","","0.18%"
"15-09-2021","73.445","73.629","73.742","73.423","","-0.27%"
"14-09-2021","73.647","73.529","73.734","73.517","","0.11%"
"13-09-2021","73.565","73.545","73.787","73.545","","0.06%"
"10-09-2021","73.524","73.556","73.556","73.375","","-0.03%"
"09-09-2021","73.546","73.740","73.897","73.506","","-0.34%"
"08-09-2021","73.796","73.416","73.883","73.412","","0.48%"
"07-09-2021","73.442","73.073","73.494","73.047","","0.50%"
"06-09-2021","73.078","72.995","73.131","72.971","","0.11%"
"03-09-2021","72.997","73.013","73.166","72.930","","-0.01%"
"02-09-2021","73.006","72.998","73.134","72.951","","0.02%"
"01-09-2021","72.995","72.987","73.161","72.916","","0.06%"
"31-08-2021","72.951","73.423","73.423","72.907","","-0.47%"
"30-08-2021","73.299","73.456","73.556","73.187","","-0.24%"
"27-08-2021","73.475","74.126","74.210","73.454","","-0.92%"
"26-08-2021","74.155","74.103","74.275","74.091","","0.05%"
"25-08-2021","74.120","74.150","74.310","74.120","","-0.02%"
"24-08-2021","74.136","74.084","74.230","74.081","","0.00%"
"23-08-2021","74.135","74.261","74.321","74.089","","-0.29%"
"20-08-2021","74.352","74.385","74.483","74.322","","-0.04%"
"19-08-2021","74.380","74.280","74.464","74.261","","0.12%"
"18-08-2021","74.290","74.321","74.355","74.234","","-0.11%"
"17-08-2021","74.375","74.134","74.395","74.134","","0.28%"
"16-08-2021","74.170","74.232","74.305","74.123","","-0.10%"
"13-08-2021","74.242","74.241","74.326","74.238","","-0.10%"
"12-08-2021","74.315","74.103","74.340","74.103","","0.07%"
"11-08-2021","74.263","74.419","74.501","74.201","","-0.23%"
"10-08-2021","74.435","74.456","74.509","74.337","","-0.07%"
"09-08-2021","74.488","74.243","74.488","74.203","","0.33%"
"06-08-2021","74.242","74.082","74.242","74.041","","0.19%"
"05-08-2021","74.100","74.172","74.290","74.087","","-0.10%"
"04-08-2021","74.175","74.242","74.279","74.105","","-0.10%"
"03-08-2021","74.251","74.317","74.368","74.204","","-0.14%"
"02-08-2021","74.356","74.342","74.432","74.316","","0.02%"
"30-07-2021","74.344","74.256","74.454","74.249","","0.13%"
"29-07-2021","74.248","74.383","74.432","74.219","","-0.34%"
"28-07-2021","74.500","74.526","74.534","74.310","","-0.01%"
"27-07-2021","74.504","74.279","74.546","74.279","","0.22%"
"26-07-2021","74.340","74.442","74.534","74.338","","-0.12%"
"23-07-2021","74.427","74.457","74.575","74.374","","-0.04%"
"22-07-2021","74.455","74.441","74.525","74.306","","-0.05%"
"21-07-2021","74.495","74.525","74.642","74.493","","-0.05%"
"20-07-2021","74.535","74.944","74.973","74.535","","-0.43%"
"19-07-2021","74.858","74.681","75.032","74.681","","0.33%"
"16-07-2021","74.610","74.532","74.669","74.491","","0.08%"
"15-07-2021","74.550","74.462","74.576","74.436","","0.11%"
"14-07-2021","74.470","74.654","74.660","74.461","","-0.17%"
"13-07-2021","74.600","74.519","74.679","74.406","","0.07%"
"12-07-2021","74.545","74.537","74.685","74.415","","0.08%"
"09-07-2021","74.487","74.762","74.768","74.468","","-0.34%"
"08-07-2021","74.740","74.744","74.875","74.660","","-0.08%"
"07-07-2021","74.800","74.762","74.820","74.560","","0.28%"
"06-07-2021","74.591","74.335","74.629","74.243","","0.37%"
"05-07-2021","74.317","74.553","74.582","74.284","","-0.27%"
"02-07-2021","74.518","74.558","74.887","74.502","","-0.06%"
"01-07-2021","74.565","74.364","74.639","74.330","","0.27%"
"30-06-2021","74.365","74.218","74.474","74.205","","0.09%"
"29-06-2021","74.300","74.277","74.352","74.205","","0.03%"
"28-06-2021","74.275","74.159","74.316","74.159","","0.07%"
"25-06-2021","74.220","74.172","74.258","74.116","","0.04%"
"24-06-2021","74.190","74.225","74.278","74.110","","0.05%"
"23-06-2021","74.150","74.350","74.406","74.056","","-0.26%"
"22-06-2021","74.340","74.120","74.418","74.051","","0.27%"
"21-06-2021","74.140","74.102","74.336","74.058","","0.03%"
"18-06-2021","74.120","74.208","74.301","73.818","","-0.09%"
"17-06-2021","74.186","73.593","74.263","73.588","","1.24%"
"16-06-2021","73.275","73.345","73.394","73.260","","-0.12%"
"15-06-2021","73.360","73.208","73.383","73.159","","0.24%"
"14-06-2021","73.185","73.257","73.296","73.102","","-0.08%"
"11-06-2021","73.245","73.005","73.262","72.883","","0.23%"
"10-06-2021","73.080","72.948","73.135","72.932","","0.13%"
"09-06-2021","72.985","72.920","73.020","72.884","","0.04%"
"08-06-2021","72.955","72.783","72.975","72.765","","0.20%"
"07-06-2021","72.811","72.918","72.952","72.763","","-0.08%"
"04-06-2021","72.870","73.040","73.129","72.812","","-0.24%"
"03-06-2021","73.045","73.016","73.185","72.833","","0.12%"
"02-06-2021","72.960","72.860","73.333","72.860","","0.13%"
"01-06-2021","72.865","72.484","72.958","72.475","","0.48%"
"31-05-2021","72.518","72.377","72.662","72.347","","0.15%"
"28-05-2021","72.410","72.692","72.692","72.320","","-0.41%"
"27-05-2021","72.710","72.684","72.798","72.508","","-0.02%"
"26-05-2021","72.725","72.805","72.805","72.630","","-0.10%"
"25-05-2021","72.795","72.870","72.880","72.745","","-0.05%"
"24-05-2021","72.835","72.861","72.983","72.825","","0.01%"
"21-05-2021","72.827","73.007","73.095","72.760","","-0.26%"
"20-05-2021","73.015","73.157","73.227","73.015","","-0.28%"
"19-05-2021","73.220","73.130","73.250","72.938","","0.23%"
"18-05-2021","73.055","73.222","73.270","72.956","","-0.38%"
"17-05-2021","73.335","73.281","73.335","73.151","","0.05%"
"14-05-2021","73.300","73.450","73.486","73.189","","-0.24%"
"13-05-2021","73.480","73.611","73.662","73.470","","-0.08%"
"12-05-2021","73.538","73.379","73.541","73.371","","0.22%"
"11-05-2021","73.375","73.503","73.540","73.280","","-0.12%"
"10-05-2021","73.460","73.283","73.497","73.267","","0.28%"
"07-05-2021","73.254","73.619","73.757","73.248","","-0.48%"
"06-05-2021","73.605","73.788","74.007","73.595","","-0.28%"
"05-05-2021","73.810","73.769","74.055","73.741","","0.05%"
"04-05-2021","73.770","73.849","73.982","73.770","","-0.07%"
"03-05-2021","73.820","74.260","74.335","73.820","","-0.32%"
"30-04-2021","74.055","74.131","74.208","73.945","","-0.06%"
"29-04-2021","74.100","74.210","74.295","73.957","","-0.53%"
"28-04-2021","74.493","74.600","74.605","74.279","","-0.13%"
"27-04-2021","74.590","74.798","74.843","74.513","","-0.22%"
"26-04-2021","74.757","74.749","74.941","74.689","","-0.23%"
"23-04-2021","74.930","75.131","75.134","74.760","","-0.25%"
"22-04-2021","75.120","75.422","75.438","74.850","","-0.42%"
"21-04-2021","75.439","75.371","75.579","75.293","","0.06%"
"20-04-2021","75.395","74.674","75.458","74.520","","0.71%"
"19-04-2021","74.860","74.556","75.060","74.548","","0.43%"
"16-04-2021","74.540","74.715","74.862","74.292","","-0.25%"
"15-04-2021","74.730","75.062","75.358","74.730","","-0.44%"
"14-04-2021","75.060","75.185","75.259","75.059","","-0.28%"
"13-04-2021","75.270","75.010","75.547","74.961","","0.37%"
"12-04-2021","74.990","74.968","75.202","74.741","","0.34%"
"09-04-2021","74.734","74.566","74.987","74.538","","0.21%"
"08-04-2021","74.577","74.435","74.899","74.186","","0.28%"
"07-04-2021","74.368","73.454","74.592","73.437","","1.19%"
"06-04-2021","73.490","73.262","73.499","73.209","","0.23%"
"05-04-2021","73.319","73.336","73.482","73.292","","-0.09%"
"02-04-2021","73.385","73.286","73.405","73.268","","0.07%"
"01-04-2021","73.332","73.175","73.459","73.162","","0.25%"
"31-03-2021","73.148","73.418","73.627","73.056","","-0.40%"
"30-03-2021","73.445","72.719","73.628","72.719","","0.95%"
"29-03-2021","72.755","72.531","72.764","72.480","","0.19%"
"26-03-2021","72.615","72.638","72.661","72.357","","-0.07%"
"25-03-2021","72.665","72.585","72.715","72.552","","0.10%"
"24-03-2021","72.595","72.565","72.728","72.502","","0.06%"
"23-03-2021","72.555","72.371","72.555","72.268","","0.24%"
"22-03-2021","72.380","72.450","72.536","72.312","","-0.05%"
"19-03-2021","72.413","72.661","72.715","72.413","","-0.39%"
"18-03-2021","72.700","72.342","72.729","72.324","","0.18%"
"17-03-2021","72.570","72.548","72.632","72.510","","0.08%"
"16-03-2021","72.515","72.515","72.642","72.368","","-0.03%"
"15-03-2021","72.535","72.661","72.789","72.380","","-0.21%"
"12-03-2021","72.690","72.664","72.876","72.630","","-0.01%"
"11-03-2021","72.700","72.757","72.802","72.580","","-0.04%"
"10-03-2021","72.730","72.811","73.107","72.728","","-0.06%"
"09-03-2021","72.776","73.329","73.394","72.776","","-0.80%"
"08-03-2021","73.360","73.205","73.409","72.933","","0.23%"
"05-03-2021","73.190","73.071","73.217","72.745","","0.62%"
"04-03-2021","72.739","72.886","73.113","72.599","","-0.28%"
"03-03-2021","72.940","73.241","73.290","72.692","","-0.44%"
"02-03-2021","73.260","73.388","73.513","73.260","","-0.20%"
"01-03-2021","73.405","73.592","73.789","73.174","","-0.72%"
"26-02-2021","73.937","72.963","74.072","72.949","","1.64%"
"25-02-2021","72.745","72.391","72.767","72.289","","0.49%"
"24-02-2021","72.390","72.390","72.475","72.268","","0.01%"
"23-02-2021","72.382","72.465","72.561","72.304","","-0.09%"
"22-02-2021","72.450","72.556","72.598","72.290","","-0.15%"
"19-02-2021","72.560","72.593","72.732","72.417","","-0.03%"
"18-02-2021","72.585","72.840","72.840","72.535","","-0.34%"
"17-02-2021","72.835","72.910","72.981","72.740","","-0.05%"
"16-02-2021","72.870","72.610","72.919","72.601","","0.34%"
"15-02-2021","72.624","72.603","72.696","72.513","","0.04%"
"12-02-2021","72.595","72.719","72.840","72.565","","-0.16%"
"11-02-2021","72.710","72.796","72.900","72.673","","-0.12%"
"10-02-2021","72.795","72.855","72.898","72.765","","-0.08%"
"09-02-2021","72.856","72.922","72.951","72.822","","-0.11%"
"08-02-2021","72.935","72.805","73.004","72.761","","0.16%"
"05-02-2021","72.815","72.989","73.034","72.770","","-0.19%"
"04-02-2021","72.955","72.826","72.997","72.826","","0.19%"
"03-02-2021","72.815","72.953","73.012","72.805","","-0.14%"
"02-02-2021","72.917","73.038","73.116","72.907","","-0.28%"
"01-02-2021","73.120","72.908","73.200","72.815","","0.29%"
"29-01-2021","72.906","72.935","73.060","72.829","","-0.05%"
"28-01-2021","72.944","73.033","73.193","72.889","","-0.17%"
"27-01-2021","73.070","72.904","73.092","72.790","","0.21%"
"26-01-2021","72.915","72.943","73.138","72.838","","-0.08%"
"25-01-2021","72.970","72.958","73.016","72.877","","-0.02%"
"22-01-2021","72.985","72.955","73.105","72.915","","0.02%"
"21-01-2021","72.970","72.924","73.056","72.900","","0.08%"
"20-01-2021","72.915","73.195","73.195","72.883","","-0.38%"
"19-01-2021","73.192","73.162","73.306","73.104","","0.01%"
"18-01-2021","73.188","73.128","73.327","73.128","","0.08%"
"15-01-2021","73.130","73.097","73.213","72.995","","0.07%"
"14-01-2021","73.080","73.143","73.240","72.922","","-0.12%"
"13-01-2021","73.170","73.175","73.238","73.065","","-0.08%"
"12-01-2021","73.225","73.497","73.497","73.195","","-0.34%"
"11-01-2021","73.474","73.439","73.600","73.367","","0.18%"
"08-01-2021","73.340","73.440","73.495","73.204","","-0.12%"
"07-01-2021","73.430","73.169","73.475","73.065","","0.40%"
"06-01-2021","73.136","73.184","73.234","73.055","","0.01%"
"05-01-2021","73.130","73.065","73.291","72.987","","0.07%"
"04-01-2021","73.080","73.089","73.125","72.827","","-0.06%"
"01-01-2021","73.125","73.100","73.130","73.025","","0.10%"
"31-12-2020","73.054","73.208","73.232","72.955","","-0.12%"
"30-12-2020","73.144","73.358","73.413","73.135","","-0.36%"
"29-12-2020","73.405","73.555","73.555","73.310","","-0.19%"
"28-12-2020","73.548","73.558","73.609","73.454","","-0.01%"
"25-12-2020","73.558","73.558","73.558","73.558","","0.00%"
"24-12-2020","73.555","73.805","73.845","73.517","","-0.30%"
"23-12-2020","73.780","73.910","73.910","73.660","","-0.10%"
"22-12-2020","73.854","73.938","73.948","73.802","","-0.24%"
"21-12-2020","74.028","73.575","74.105","73.575","","0.62%"
"18-12-2020","73.575","73.525","73.582","73.475","","0.07%"
"17-12-2020","73.525","73.585","73.627","73.367","","-0.16%"
"16-12-2020","73.640","73.527","73.660","73.457","","0.11%"
"15-12-2020","73.558","73.666","73.674","73.537","","-0.11%"
"14-12-2020","73.640","73.746","73.746","73.450","","-0.13%"
"11-12-2020","73.738","73.712","73.809","73.526","","-0.01%"
"10-12-2020","73.745","73.725","73.777","73.625","","0.02%"
"09-12-2020","73.730","73.697","73.730","73.520","","0.01%"
"08-12-2020","73.725","73.813","73.841","73.505","","-0.07%"
"07-12-2020","73.779","73.821","73.993","73.698","","0.00%"
"04-12-2020","73.776","73.878","73.878","73.661","","-0.13%"
"03-12-2020","73.870","73.685","73.982","73.670","","0.14%"
"02-12-2020","73.770","73.490","73.840","73.402","","0.37%"
"01-12-2020","73.500","74.023","74.023","73.458","","-0.68%"
"30-11-2020","74.000","73.943","74.020","73.870","","0.09%"
"27-11-2020","73.935","73.834","74.113","73.724","","0.13%"
"26-11-2020","73.837","73.776","73.906","73.714","","0.07%"
"25-11-2020","73.789","73.965","74.020","73.743","","-0.39%"
"24-11-2020","74.079","74.244","74.244","73.861","","-0.24%"
"23-11-2020","74.260","74.128","74.279","74.005","","0.19%"
"20-11-2020","74.120","74.150","74.213","74.062","","0.01%"
"19-11-2020","74.110","74.300","74.348","74.096","","-0.01%"
"18-11-2020","74.120","74.470","74.530","74.066","","-0.48%"
"17-11-2020","74.480","74.340","74.640","74.340","","0.13%"
"16-11-2020","74.380","74.598","74.598","74.380","","-0.27%"
"13-11-2020","74.582","74.656","74.724","74.472","","-0.14%"
"12-11-2020","74.685","74.415","74.754","74.350","","0.30%"
"11-11-2020","74.462","74.172","74.543","74.172","","0.23%"
"10-11-2020","74.290","73.940","74.483","73.930","","0.34%"
"09-11-2020","74.035","73.979","74.175","73.634","","0.08%"
"06-11-2020","73.976","74.012","74.270","73.842","","0.07%"
"05-11-2020","73.925","74.310","74.420","73.925","","-0.60%"
"04-11-2020","74.368","74.586","74.998","74.325","","-0.34%"
"03-11-2020","74.625","74.427","74.631","74.254","","0.15%"
"02-11-2020","74.510","74.575","74.575","74.265","","-0.08%"
"30-10-2020","74.567","74.308","74.716","74.243","","0.25%"
"29-10-2020","74.380","74.227","74.533","73.937","","0.26%"
"28-10-2020","74.190","73.729","74.279","73.647","","0.77%"
"27-10-2020","73.624","73.929","74.000","73.595","","-0.47%"
"26-10-2020","73.970","73.850","74.123","73.697","","0.17%"
"23-10-2020","73.842","73.653","73.899","73.476","","0.23%"
"22-10-2020","73.670","73.660","73.807","73.520","","0.10%"
"21-10-2020","73.600","73.435","73.771","73.357","","0.20%"
"20-10-2020","73.450","73.325","73.564","73.290","","0.12%"
"19-10-2020","73.360","73.452","73.452","73.281","","-0.11%"
"16-10-2020","73.444","73.384","73.444","73.249","","0.01%"
"15-10-2020","73.435","73.305","73.533","73.209","","0.25%"
"14-10-2020","73.255","73.405","73.475","73.189","","-0.21%"
"13-10-2020","73.410","73.359","73.483","73.247","","0.06%"
"12-10-2020","73.364","73.014","73.419","73.014","","0.47%"
"09-10-2020","73.020","73.150","73.265","72.966","","-0.38%"
"08-10-2020","73.300","73.330","73.376","73.179","","-0.05%"
"07-10-2020","73.335","73.485","73.610","73.245","","-0.14%"
"06-10-2020","73.441","73.097","73.522","73.097","","0.44%"
"05-10-2020","73.117","73.300","73.486","73.067","","-0.24%"
"02-10-2020","73.295","73.242","73.453","73.242","","0.11%"
"01-10-2020","73.218","73.614","73.630","73.023","","-0.48%"
"30-09-2020","73.570","73.822","73.870","73.531","","-0.26%"
"29-09-2020","73.760","73.790","73.920","73.717","","-0.01%"
"28-09-2020","73.765","73.698","73.865","73.540","","0.11%"
"25-09-2020","73.685","73.735","73.785","73.571","","-0.30%"
"24-09-2020","73.910","73.840","74.057","73.770","","0.45%"
"23-09-2020","73.580","73.511","73.640","73.424","","0.08%"
"22-09-2020","73.520","73.580","73.650","73.390","","-0.08%"
"21-09-2020","73.580","73.543","73.640","73.265","","0.05%"
"18-09-2020","73.540","73.471","73.607","73.143","","-0.10%"
"17-09-2020","73.610","73.705","73.790","73.590","","0.09%"
"16-09-2020","73.545","73.585","73.788","73.475","","-0.09%"
"15-09-2020","73.610","73.400","73.740","73.310","","0.31%"
"14-09-2020","73.385","73.493","73.615","73.275","","-0.07%"
"11-09-2020","73.440","73.530","73.620","73.410","","0.00%"
"10-09-2020","73.440","73.453","73.508","73.160","","0.18%"
"09-09-2020","73.310","73.795","73.825","73.310","","-0.60%"
"08-09-2020","73.750","73.630","73.976","73.390","","0.41%"
"07-09-2020","73.447","73.292","73.490","73.028","","0.21%"
"04-09-2020","73.291","73.462","73.492","72.996","","-0.14%"
"03-09-2020","73.391","73.202","73.554","73.151","","0.17%"
"02-09-2020","73.269","73.137","73.302","72.892","","0.36%"
"01-09-2020","73.004","73.212","73.221","72.751","","-0.35%"
"31-08-2020","73.257","73.115","73.703","73.043","","0.19%"
"28-08-2020","73.115","73.816","73.876","73.115","","-1.07%"
"27-08-2020","73.904","74.290","74.375","73.780","","-0.43%"
"26-08-2020","74.222","74.205","74.463","74.183","","0.00%"
"25-08-2020","74.223","74.112","74.535","74.082","","0.07%"
"24-08-2020","74.169","74.922","74.922","73.949","","-1.01%"
"21-08-2020","74.922","74.962","74.992","74.816","","-0.12%"
"20-08-2020","75.013","74.966","75.131","74.931","","0.22%"
"19-08-2020","74.847","74.642","74.931","74.612","","0.36%"
"18-08-2020","74.575","74.735","74.888","74.575","","-0.23%"
"17-08-2020","74.744","74.875","74.911","74.715","","-0.21%"
"14-08-2020","74.903","74.899","74.994","74.754","","0.12%"
"13-08-2020","74.812","74.751","74.931","74.751","","0.02%"
"12-08-2020","74.795","74.605","74.935","74.605","","0.23%"
"11-08-2020","74.620","74.840","74.875","74.531","","-0.34%"
"10-08-2020","74.875","75.028","75.028","74.860","","-0.20%"
"07-08-2020","75.025","75.078","75.111","74.897","","0.17%"
"06-08-2020","74.900","74.860","75.014","74.785","","0.14%"
"05-08-2020","74.798","74.971","75.012","74.747","","-0.35%"
"04-08-2020","75.061","75.161","75.202","74.955","","-0.16%"
"03-08-2020","75.185","74.921","75.312","74.845","","0.36%"
"31-07-2020","74.918","74.747","74.921","74.682","","0.06%"
"30-07-2020","74.876","74.811","74.954","74.786","","-0.10%"
"29-07-2020","74.948","74.885","74.949","74.690","","0.05%"
"28-07-2020","74.909","74.762","74.939","74.707","","0.15%"
"27-07-2020","74.800","74.768","74.910","74.670","","0.05%"
"24-07-2020","74.760","74.900","74.990","74.694","","-0.07%"
"23-07-2020","74.815","74.605","74.964","74.595","","0.27%"
"22-07-2020","74.610","74.535","74.875","74.510","","0.09%"
"21-07-2020","74.540","74.710","74.880","74.520","","-0.28%"
"20-07-2020","74.750","74.906","75.035","74.740","","-0.20%"
"17-07-2020","74.898","75.194","75.258","74.898","","-0.38%"
"16-07-2020","75.180","75.110","75.300","75.110","","0.07%"
"15-07-2020","75.125","75.305","75.366","75.044","","-0.37%"
"14-07-2020","75.406","75.279","75.558","75.279","","0.26%"
"13-07-2020","75.212","75.218","75.248","75.105","","0.02%"
"10-07-2020","75.195","75.165","75.333","75.144","","0.05%"
"09-07-2020","75.155","74.924","75.155","74.909","","0.28%"
"08-07-2020","74.945","74.838","75.073","74.820","","0.18%"
"07-07-2020","74.810","74.645","74.979","74.635","","0.23%"
"06-07-2020","74.635","74.639","74.830","74.485","","0.00%"
"03-07-2020","74.636","74.597","75.027","74.567","","-0.15%"
"02-07-2020","74.750","75.460","75.540","74.646","","-0.98%"
"01-07-2020","75.490","75.510","75.629","75.466","","-0.07%"
"30-06-2020","75.545","75.523","75.628","75.425","","0.05%"
"29-06-2020","75.510","75.628","75.660","75.458","","-0.15%"
"26-06-2020","75.620","75.580","75.688","75.435","","0.04%"
"25-06-2020","75.587","75.717","75.782","75.503","","-0.10%"
"24-06-2020","75.665","75.486","75.780","75.486","","0.21%"
"23-06-2020","75.503","75.802","75.916","75.455","","-0.38%"
"22-06-2020","75.790","76.268","76.303","75.723","","-0.62%"
"19-06-2020","76.260","76.349","76.373","76.093","","-0.18%"
"18-06-2020","76.400","76.263","76.400","76.046","","0.14%"
"17-06-2020","76.290","76.268","76.370","76.082","","0.05%"
"16-06-2020","76.250","75.865","76.311","75.780","","0.36%"
"15-06-2020","75.979","76.073","76.190","75.936","","-0.09%"
"12-06-2020","76.050","75.992","76.260","75.772","","0.10%"
"11-06-2020","75.971","75.672","75.971","75.579","","0.44%"
"10-06-2020","75.635","75.532","75.676","75.419","","0.17%"
"09-06-2020","75.505","75.458","75.702","75.423","","0.14%"
"08-06-2020","75.400","75.578","75.685","75.400","","-0.21%"
"05-06-2020","75.560","75.432","75.725","75.325","","0.13%"
"04-06-2020","75.459","75.373","75.660","75.355","","0.18%"
"03-06-2020","75.325","75.063","75.555","75.020","","0.30%"
"02-06-2020","75.100","75.553","75.628","74.970","","-0.54%"
"01-06-2020","75.505","75.473","75.773","75.275","","-0.13%"
"29-05-2020","75.605","75.705","75.755","75.448","","-0.07%"
"28-05-2020","75.660","75.812","75.910","75.632","","-0.34%"
"27-05-2020","75.920","75.565","75.988","75.538","","0.61%"
"26-05-2020","75.459","75.868","75.880","75.412","","-0.56%"
"25-05-2020","75.887","75.951","76.110","75.855","","-0.08%"
"22-05-2020","75.950","75.663","76.018","75.633","","0.44%"
"21-05-2020","75.620","75.540","75.833","75.386","","0.09%"
"20-05-2020","75.555","75.705","75.865","75.453","","-0.12%"
"19-05-2020","75.645","75.605","75.795","75.552","","-0.07%"
"18-05-2020","75.700","75.838","76.070","75.639","","-0.17%"
"15-05-2020","75.830","75.521","75.950","75.416","","0.44%"
"14-05-2020","75.495","75.454","75.712","75.335","","0.17%"
"13-05-2020","75.365","75.278","75.510","75.045","","0.40%"
"12-05-2020","75.062","75.971","75.993","75.049","","-1.09%"
"11-05-2020","75.888","75.561","75.948","75.476","","0.47%"
"08-05-2020","75.535","75.611","75.665","75.285","","-0.34%"
"07-05-2020","75.794","76.099","76.152","75.780","","-0.41%"
"06-05-2020","76.105","75.828","76.111","75.653","","0.52%"
"05-05-2020","75.710","75.650","75.870","75.489","","0.09%"
"04-05-2020","75.640","75.758","75.820","75.581","","-0.14%"
"01-05-2020","75.749","75.320","75.805","75.294","","0.89%"
"30-04-2020","75.080","75.405","75.430","74.910","","-0.50%"
"29-04-2020","75.455","76.063","76.110","75.455","","-0.80%"
"28-04-2020","76.065","76.127","76.450","75.815","","-0.22%"
"27-04-2020","76.229","76.270","76.347","76.019","","-0.05%"
"24-04-2020","76.270","75.825","76.488","75.825","","0.49%"
"23-04-2020","75.895","76.468","76.468","75.826","","-0.67%"
"22-04-2020","76.410","76.938","77.018","76.410","","-0.73%"
"21-04-2020","76.975","76.585","77.006","76.585","","0.52%"
"20-04-2020","76.575","76.553","76.680","76.283","","0.03%"
"17-04-2020","76.550","76.829","76.829","76.238","","-0.33%"
"16-04-2020","76.805","76.638","76.927","76.563","","0.31%"
"15-04-2020","76.564","76.038","76.654","75.936","","0.72%"
"14-04-2020","76.015","76.321","76.376","76.015","","-0.31%"
"13-04-2020","76.249","75.881","76.449","75.881","","0.49%"
"10-04-2020","75.879","75.903","75.937","75.849","","-0.55%"
"09-04-2020","76.300","76.103","76.555","76.019","","0.47%"
"08-04-2020","75.945","75.638","76.405","75.638","","0.40%"
"07-04-2020","75.645","75.988","76.008","75.543","","-0.43%"
"06-04-2020","75.975","76.253","76.268","75.902","","-0.35%"
"03-04-2020","76.240","75.954","76.304","75.764","","-0.21%"
"02-04-2020","76.400","76.387","76.431","76.346","","-0.01%"
"01-04-2020","76.404","75.315","76.422","75.315","","1.41%"
"31-03-2020","75.343","75.530","75.685","75.280","","-0.09%"
"30-03-2020","75.410","75.140","75.670","75.093","","-0.08%"
"27-03-2020","75.472","74.603","75.528","74.353","","0.78%"
"26-03-2020","74.889","75.864","75.954","74.889","","-1.95%"
"25-03-2020","76.375","76.375","76.375","76.375","","-0.01%"
"24-03-2020","76.379","76.079","76.386","75.950","","0.06%"
"23-03-2020","76.335","75.380","76.335","75.380","","1.24%"
"20-03-2020","75.399","74.804","75.399","74.704","","0.82%"
"19-03-2020","74.786","74.855","75.311","74.667","","0.32%"
"18-03-2020","74.550","73.974","74.550","73.924","","0.66%"
"17-03-2020","74.062","74.072","74.315","73.858","","0.08%"
"16-03-2020","74.003","74.006","74.359","73.999","","0.22%"
"13-03-2020","73.840","74.561","74.561","73.732","","-0.99%"
"12-03-2020","74.576","74.134","74.579","74.074","","1.21%"
"11-03-2020","73.682","73.792","74.015","73.532","","-0.63%"
"10-03-2020","74.150","74.248","74.248","74.150","","-0.06%"
"09-03-2020","74.196","73.975","74.254","73.850","","0.26%"
"06-03-2020","74.004","73.873","74.073","73.529","","0.68%"
"05-03-2020","73.506","73.518","73.565","73.044","","-0.05%"
"04-03-2020","73.540","73.060","73.640","72.910","","0.67%"
"03-03-2020","73.050","72.480","73.397","72.440","","0.23%"
"02-03-2020","72.882","72.520","72.954","72.028","","0.47%"
"28-02-2020","72.539","71.755","72.574","71.755","","1.23%"
"27-02-2020","71.655","71.645","71.704","71.545","","0.10%"
"26-02-2020","71.580","71.833","71.873","71.532","","-0.33%"
"25-02-2020","71.820","71.870","71.920","71.611","","-0.16%"
"24-02-2020","71.935","71.915","72.015","71.775","","0.08%"
"21-02-2020","71.880","71.665","72.056","71.665","","0.28%"
"20-02-2020","71.680","71.735","71.820","71.530","","0.11%"
"19-02-2020","71.600","71.573","71.600","71.452","","0.02%"
"18-02-2020","71.585","71.415","71.611","71.375","","0.34%"
"17-02-2020","71.340","71.430","71.507","71.260","","-0.26%"
"14-02-2020","71.529","71.294","71.597","71.272","","0.28%"
"13-02-2020","71.330","71.360","71.511","71.254","","0.03%"
"12-02-2020","71.306","71.211","71.391","71.211","","0.03%"
"11-02-2020","71.285","71.235","71.330","71.179","","-0.01%"
"10-02-2020","71.290","71.400","71.457","71.285","","-0.31%"
"07-02-2020","71.515","71.260","71.538","71.213","","0.41%"
"06-02-2020","71.225","71.181","71.300","71.107","","0.05%"
"05-02-2020","71.190","71.110","71.300","71.110","","0.11%"
"04-02-2020","71.115","71.215","71.298","71.090","","-0.29%"
"03-02-2020","71.324","71.523","71.653","71.268","","-0.32%"
"31-01-2020","71.555","71.575","71.578","71.294","","0.01%"
"30-01-2020","71.550","71.420","71.660","71.390","","0.34%"
"29-01-2020","71.310","71.240","71.411","71.165","","0.15%"
"28-01-2020","71.200","71.432","71.432","71.200","","-0.35%"
"27-01-2020","71.450","71.475","71.520","71.373","","0.17%"
"24-01-2020","71.330","71.340","71.371","71.220","","-0.10%"
"23-01-2020","71.400","71.190","71.465","71.169","","0.45%"
"22-01-2020","71.080","71.180","71.265","71.076","","-0.13%"
"21-01-2020","71.170","71.190","71.250","71.121","","0.18%"
"20-01-2020","71.040","71.070","71.160","71.010","","-0.05%"
"17-01-2020","71.079","70.953","71.099","70.933","","0.14%"
"16-01-2020","70.978","70.775","71.007","70.775","","0.36%"
"15-01-2020","70.720","71.000","71.023","70.682","","-0.18%"
"14-01-2020","70.850","70.720","70.975","70.720","","0.20%"
"13-01-2020","70.710","70.805","70.945","70.710","","-0.35%"
"10-01-2020","70.960","71.240","71.260","70.848","","-0.35%"
"09-01-2020","71.210","71.510","71.544","71.134","","-0.42%"
"08-01-2020","71.510","71.954","72.114","71.466","","-0.47%"
"07-01-2020","71.845","71.765","71.923","71.670","","-0.03%"
"06-01-2020","71.867","72.011","72.123","71.834","","0.14%"
"03-01-2020","71.770","71.610","71.844","71.520","","0.59%"
"02-01-2020","71.350","71.235","71.408","71.235","","0.17%"
"01-01-2020","71.227","71.365","71.377","71.225","","-0.18%"
"31-12-2019","71.355","71.275","71.385","71.225","","0.05%"
"30-12-2019","71.320","71.340","71.427","71.290","","-0.19%"
"27-12-2019","71.455","71.305","71.505","71.185","","0.22%"
"26-12-2019","71.300","71.260","71.352","71.230","","0.03%"
"25-12-2019","71.280","71.280","71.280","71.280","","0.00%"
"24-12-2019","71.280","71.210","71.317","71.153","","0.08%"
"23-12-2019","71.220","71.113","71.300","71.110","","0.23%"
"20-12-2019","71.060","71.130","71.256","71.045","","-0.17%"
"19-12-2019","71.180","70.993","71.214","70.880","","0.25%"
"18-12-2019","71.000","71.010","71.125","70.924","","-0.05%"
"17-12-2019","71.035","70.955","71.065","70.832","","0.17%"
"16-12-2019","70.915","70.755","71.050","70.755","","0.17%"
"13-12-2019","70.798","70.553","70.883","70.503","","0.32%"
"12-12-2019","70.570","70.670","70.910","70.531","","-0.20%"
"11-12-2019","70.710","70.823","70.942","70.710","","-0.14%"
"10-12-2019","70.810","70.962","71.042","70.808","","-0.23%"
"09-12-2019","70.970","71.300","71.300","70.970","","-0.44%"
"06-12-2019","71.283","71.245","71.446","71.174","","0.04%"
"05-12-2019","71.252","71.505","71.678","71.180","","-0.31%"
"04-12-2019","71.474","71.803","71.823","71.452","","-0.37%"
"03-12-2019","71.740","71.630","71.816","71.532","","0.15%"
"02-12-2019","71.634","71.795","71.825","71.603","","-0.16%"
"29-11-2019","71.749","71.613","71.872","71.603","","0.34%"
"28-11-2019","71.505","71.245","71.665","71.235","","0.34%"
"27-11-2019","71.260","71.450","71.493","71.233","","-0.31%"
"26-11-2019","71.480","71.684","71.690","71.480","","-0.29%"
"25-11-2019","71.689","71.695","71.763","71.610","","-0.14%"
"22-11-2019","71.792","71.756","71.876","71.662","","0.06%"
"21-11-2019","71.750","71.790","71.905","71.717","","0.01%"
"20-11-2019","71.746","71.833","71.916","71.643","","-0.12%"
"19-11-2019","71.830","71.920","72.015","71.605","","-0.16%"
"18-11-2019","71.945","71.665","71.945","71.565","","0.41%"
"15-11-2019","71.650","71.800","71.878","71.594","","-0.44%"
"14-11-2019","71.966","72.082","72.252","71.857","","-0.26%"
"13-11-2019","72.150","71.760","72.150","71.657","","0.50%"
"12-11-2019","71.790","71.582","71.790","71.544","","0.31%"
"11-11-2019","71.570","71.370","71.610","71.290","","0.29%"
"08-11-2019","71.360","71.280","71.364","71.165","","0.44%"
"07-11-2019","71.047","71.018","71.118","70.886","","0.05%"
"06-11-2019","71.010","70.769","71.036","70.769","","0.33%"
"05-11-2019","70.775","70.804","70.855","70.625","","-0.02%"
"04-11-2019","70.789","70.552","70.802","70.552","","0.04%"
"01-11-2019","70.760","70.972","70.989","70.760","","-0.31%"
"31-10-2019","70.980","70.762","71.065","70.724","","0.04%"
"30-10-2019","70.952","70.871","71.026","70.839","","0.09%"
"29-10-2019","70.890","70.750","70.920","70.690","","0.20%"
"28-10-2019","70.745","70.822","70.842","70.684","","-0.11%"
"25-10-2019","70.820","71.045","71.073","70.782","","-0.20%"
"24-10-2019","70.965","70.715","71.085","70.715","","0.34%"
"23-10-2019","70.725","71.005","71.033","70.725","","-0.12%"
"22-10-2019","70.810","70.911","71.006","70.810","","-0.16%"
"21-10-2019","70.925","71.075","71.075","70.778","","-0.23%"
"18-10-2019","71.090","71.200","71.320","71.040","","-0.06%"
"17-10-2019","71.130","71.362","71.475","71.096","","-0.33%"
"16-10-2019","71.364","71.562","71.732","71.348","","-0.19%"
"15-10-2019","71.500","71.248","71.605","71.220","","0.37%"
"14-10-2019","71.237","70.893","71.250","70.740","","0.44%"
"11-10-2019","70.924","70.816","71.091","70.799","","-0.09%"
"10-10-2019","70.990","70.960","71.165","70.960","","-0.18%"
"09-10-2019","71.120","71.180","71.230","70.945","","-0.14%"
"08-10-2019","71.220","70.996","71.233","70.933","","0.35%"
"07-10-2019","70.975","70.959","71.105","70.913","","0.21%"
"04-10-2019","70.825","70.810","71.040","70.765","","-0.29%"
"03-10-2019","71.030","71.210","71.370","70.865","","-0.17%"
"02-10-2019","71.150","71.117","71.368","71.100","","0.06%"
"01-10-2019","71.110","70.655","71.170","70.655","","0.66%"
"30-09-2019","70.645","70.425","70.885","70.358","","0.19%"
"27-09-2019","70.509","70.951","70.980","70.364","","-0.64%"
"26-09-2019","70.964","71.035","71.036","70.837","","-0.03%"
"25-09-2019","70.988","70.976","71.154","70.947","","0.02%"
"24-09-2019","70.971","70.796","71.066","70.736","","0.24%"
"23-09-2019","70.799","71.023","71.053","70.779","","-0.39%"
"20-09-2019","71.075","71.205","71.205","70.685","","-0.42%"
"19-09-2019","71.375","71.345","71.385","71.050","","0.32%"
"18-09-2019","71.145","71.515","71.530","71.145","","-0.48%"
"17-09-2019","71.490","71.827","71.989","71.366","","-0.13%"
"16-09-2019","71.580","71.690","71.690","71.410","","0.84%"
"13-09-2019","70.985","70.972","71.160","70.847","","0.03%"
"12-09-2019","70.967","71.588","71.588","70.917","","-0.85%"
"11-09-2019","71.577","71.877","71.898","71.514","","-0.41%"
"10-09-2019","71.875","71.755","72.002","71.739","","0.14%"
"09-09-2019","71.778","71.728","71.788","71.504","","0.19%"
"06-09-2019","71.645","71.887","71.928","71.605","","-0.39%"
"05-09-2019","71.928","71.986","72.011","71.797","","-0.08%"
"04-09-2019","71.989","72.200","72.315","71.944","","-0.25%"
"03-09-2019","72.170","71.960","72.413","71.960","","0.28%"
"02-09-2019","71.969","71.467","72.003","71.467","","0.72%"
"30-08-2019","71.453","71.772","71.817","71.357","","-0.33%"
"29-08-2019","71.690","71.913","72.100","71.624","","-0.19%"
"28-08-2019","71.829","71.564","71.904","71.492","","0.40%"
"27-08-2019","71.543","72.030","72.030","71.383","","-0.67%"
"26-08-2019","72.025","71.920","72.260","71.863","","0.72%"
"23-08-2019","71.513","71.960","72.061","71.513","","-0.58%"
"22-08-2019","71.930","71.600","72.004","71.600","","0.69%"
"21-08-2019","71.440","71.562","71.623","71.353","","-0.15%"
"20-08-2019","71.549","71.523","71.827","71.523","","0.14%"
"19-08-2019","71.451","71.213","71.500","71.063","","0.42%"
"16-08-2019","71.155","71.365","71.492","71.045","","-0.91%"
"15-08-2019","71.810","71.507","71.829","71.309","","0.75%"
"14-08-2019","71.275","70.995","71.365","70.845","","-0.20%"
"13-08-2019","71.418","71.132","71.493","71.032","","0.19%"
"12-08-2019","71.283","71.014","71.367","70.993","","0.51%"
"09-08-2019","70.924","70.443","70.924","70.443","","0.72%"
"08-08-2019","70.420","71.170","71.170","70.420","","-1.02%"
"07-08-2019","71.145","70.965","71.195","70.604","","0.15%"
"06-08-2019","71.040","70.810","71.040","70.470","","0.31%"
"05-08-2019","70.821","70.117","70.839","70.117","","1.61%"
"02-08-2019","69.700","69.230","69.700","69.210","","0.99%"
"01-08-2019","69.017","69.267","69.267","69.002","","0.21%"
"31-07-2019","68.875","68.853","68.960","68.761","","0.02%"
"30-07-2019","68.862","68.766","68.903","68.663","","0.16%"
"29-07-2019","68.755","68.900","68.965","68.705","","-0.18%"
"26-07-2019","68.880","69.151","69.151","68.816","","-0.23%"
"25-07-2019","69.041","68.992","69.078","68.885","","0.09%"
"24-07-2019","68.980","69.020","69.109","68.921","","-0.08%"
"23-07-2019","69.033","68.944","69.059","68.903","","0.15%"
"22-07-2019","68.930","68.955","69.070","68.880","","0.10%"
"19-07-2019","68.860","68.810","68.955","68.722","","0.01%"
"18-07-2019","68.855","68.773","69.005","68.718","","0.01%"
"17-07-2019","68.846","68.688","68.904","68.640","","0.29%"
"16-07-2019","68.650","68.540","68.770","68.521","","0.15%"
"15-07-2019","68.545","68.535","68.615","68.477","","-0.02%"
"12-07-2019","68.560","68.460","68.695","68.433","","0.22%"
"11-07-2019","68.410","68.414","68.495","68.280","","-0.01%"
"10-07-2019","68.419","68.620","68.695","68.318","","-0.21%"
"09-07-2019","68.565","68.665","68.858","68.513","","0.00%"
"08-07-2019","68.566","68.582","68.767","68.497","","0.17%"
"05-07-2019","68.450","68.539","68.785","68.385","","-0.11%"
"04-07-2019","68.527","68.817","68.914","68.489","","-0.40%"
"03-07-2019","68.800","68.885","68.963","68.795","","-0.13%"
"02-07-2019","68.890","68.924","69.075","68.870","","0.01%"
"01-07-2019","68.885","68.944","69.090","68.830","","-0.09%"
"28-06-2019","68.950","69.048","69.125","68.866","","-0.20%"
"27-06-2019","69.088","69.210","69.353","69.030","","-0.23%"
"26-06-2019","69.245","69.320","69.518","69.110","","-0.13%"
"25-06-2019","69.334","69.266","69.439","69.238","","0.09%"
"24-06-2019","69.273","69.629","69.630","69.264","","-0.49%"
"21-06-2019","69.615","69.755","69.760","69.504","","0.14%"
"20-06-2019","69.520","69.490","69.675","69.334","","-0.19%"
"19-06-2019","69.650","69.550","69.808","69.500","","0.06%"
"18-06-2019","69.610","69.868","69.891","69.609","","-0.34%"
"17-06-2019","69.850","69.810","69.982","69.740","","0.02%"
"14-06-2019","69.833","69.566","69.865","69.530","","0.44%"
"13-06-2019","69.530","69.379","69.580","69.314","","0.22%"
"12-06-2019","69.375","69.414","69.455","69.257","","-0.01%"
"11-06-2019","69.385","69.534","69.534","69.342","","-0.22%"
"10-06-2019","69.535","69.375","69.685","69.375","","0.26%"
"07-06-2019","69.355","69.146","69.551","69.114","","0.27%"
"06-06-2019","69.165","69.405","69.460","69.165","","-0.32%"
"05-06-2019","69.385","69.334","69.423","69.178","","0.14%"
"04-06-2019","69.291","69.068","69.343","69.033","","0.17%"
"03-06-2019","69.171","69.618","69.622","69.128","","-0.59%"
"31-05-2019","69.580","69.839","69.927","69.580","","-0.35%"
"30-05-2019","69.825","69.835","69.935","69.703","","-0.03%"
"29-05-2019","69.845","69.587","70.003","69.579","","0.34%"
"28-05-2019","69.610","69.516","69.755","69.516","","0.15%"
"27-05-2019","69.504","69.412","69.633","69.362","","0.18%"
"24-05-2019","69.380","69.699","69.811","69.377","","-0.41%"
"23-05-2019","69.665","69.666","70.065","69.375","","0.02%"
"22-05-2019","69.650","69.668","69.811","69.614","","0.01%"
"21-05-2019","69.645","69.817","69.825","69.620","","0.05%"
"20-05-2019","69.609","69.405","69.778","69.373","","-0.95%"
"17-05-2019","70.280","70.220","70.288","70.067","","0.21%"
"16-05-2019","70.130","70.219","70.342","69.966","","-0.17%"
"15-05-2019","70.249","70.322","70.442","70.174","","-0.12%"
"14-05-2019","70.332","70.596","70.616","70.252","","-0.34%"
"13-05-2019","70.570","70.015","70.651","69.984","","0.79%"
"10-05-2019","70.015","70.091","70.114","69.756","","-0.26%"
"09-05-2019","70.200","69.719","70.276","69.719","","0.69%"
"08-05-2019","69.720","69.596","69.751","69.448","","0.11%"
"07-05-2019","69.645","69.421","69.646","69.285","","0.38%"
"06-05-2019","69.380","69.310","69.485","69.310","","0.41%"
"03-05-2019","69.095","69.436","69.441","69.095","","-0.45%"
"02-05-2019","69.410","69.620","69.634","69.320","","-0.19%"
"01-05-2019","69.545","69.601","69.603","69.466","","-0.15%"
"30-04-2019","69.647","69.831","69.913","69.536","","-0.24%"
"29-04-2019","69.817","69.879","69.895","69.797","","-0.05%"
"26-04-2019","69.850","70.173","70.247","69.810","","-0.46%"
"25-04-2019","70.170","70.010","70.335","69.920","","0.30%"
"24-04-2019","69.960","69.779","70.000","69.762","","0.27%"
"23-04-2019","69.770","69.630","69.840","69.540","","0.10%"
"22-04-2019","69.700","69.366","69.906","69.366","","0.42%"
"19-04-2019","69.407","69.416","69.429","69.355","","0.02%"
"18-04-2019","69.395","69.417","69.619","69.330","","-0.05%"
"17-04-2019","69.431","69.547","69.570","69.362","","-0.14%"
"16-04-2019","69.530","69.422","69.690","69.422","","0.19%"
"15-04-2019","69.395","69.174","69.483","69.045","","0.30%"
"12-04-2019","69.190","69.030","69.390","69.030","","0.25%"
"11-04-2019","69.020","69.164","69.222","68.837","","-0.19%"
"10-04-2019","69.150","69.258","69.366","69.090","","-0.19%"
"09-04-2019","69.280","69.538","69.740","69.248","","-0.40%"
"08-04-2019","69.555","69.335","69.720","69.335","","0.56%"
"05-04-2019","69.170","68.992","69.338","68.986","","0.28%"
"04-04-2019","68.980","68.540","69.220","68.520","","0.77%"
"03-04-2019","68.450","68.730","68.835","68.390","","-0.68%"
"02-04-2019","68.920","69.280","69.390","68.720","","-0.41%"
"01-04-2019","69.205","69.356","69.424","69.185","","0.03%"
"29-03-2019","69.185","69.178","69.320","69.042","","-0.01%"
"28-03-2019","69.190","69.124","69.380","68.950","","0.13%"
"27-03-2019","69.100","69.039","69.187","68.780","","0.15%"
"26-03-2019","68.996","68.931","69.017","68.779","","0.15%"
"25-03-2019","68.890","69.159","69.176","68.795","","-0.40%"
"22-03-2019","69.170","68.650","69.170","68.540","","0.52%"
"21-03-2019","68.810","68.565","68.810","68.510","","0.03%"
"20-03-2019","68.790","69.027","69.176","68.731","","-0.33%"
"19-03-2019","69.015","68.619","69.067","68.350","","0.57%"
"18-03-2019","68.625","68.959","68.959","68.431","","-0.49%"
"15-03-2019","68.963","69.357","69.372","68.935","","-0.58%"
"14-03-2019","69.365","69.525","69.755","69.255","","-0.24%"
"13-03-2019","69.529","69.607","69.794","69.419","","-0.14%"
"12-03-2019","69.625","69.821","69.821","69.491","","-0.32%"
"11-03-2019","69.850","70.028","70.041","69.808","","-0.23%"
"08-03-2019","70.012","70.111","70.245","69.827","","-0.15%"
"07-03-2019","70.116","70.151","70.152","69.950","","0.05%"
"06-03-2019","70.080","70.479","70.692","70.022","","-0.58%"
"05-03-2019","70.490","70.963","70.975","70.448","","-0.59%"
"04-03-2019","70.910","70.815","70.923","70.800","","-0.13%"
"01-03-2019","71.000","70.811","71.000","70.715","","0.23%"
"28-02-2019","70.840","71.231","71.271","70.713","","-0.51%"
"27-02-2019","71.200","71.010","71.491","70.929","","0.34%"
"26-02-2019","70.960","70.829","71.346","70.809","","0.18%"
"25-02-2019","70.834","71.034","71.102","70.827","","-0.28%"
"22-02-2019","71.035","71.195","71.265","71.035","","-0.18%"
"21-02-2019","71.165","71.061","71.280","70.925","","0.22%"
"20-02-2019","71.010","71.320","71.344","70.933","","-0.41%"
"19-02-2019","71.300","71.351","71.602","71.251","","-0.12%"
"18-02-2019","71.387","71.335","71.537","71.326","","0.08%"
"15-02-2019","71.330","71.028","71.464","71.028","","0.44%"
"14-02-2019","71.020","70.869","71.233","70.800","","0.20%"
"13-02-2019","70.875","70.541","70.880","70.397","","0.48%"
"12-02-2019","70.535","71.254","71.254","70.515","","-0.85%"
"11-02-2019","71.140","71.240","71.301","71.038","","-0.05%"
"08-02-2019","71.175","71.395","71.434","71.015","","-0.18%"
"07-02-2019","71.300","71.639","71.769","71.271","","-0.35%"
"06-02-2019","71.550","71.520","71.683","71.492","","0.03%"
"05-02-2019","71.530","71.714","71.812","71.528","","-0.25%"
"04-02-2019","71.710","71.469","71.845","71.462","","0.38%"
"01-02-2019","71.435","71.115","71.485","70.952","","0.67%"
"31-01-2019","70.960","70.959","71.215","70.865","","-0.39%"
"30-01-2019","71.235","71.423","71.423","71.123","","-0.22%"
"29-01-2019","71.390","71.085","71.461","71.026","","0.45%"
"28-01-2019","71.070","70.920","71.196","70.915","","0.24%"
"25-01-2019","70.900","71.040","71.250","70.890","","-0.14%"
"24-01-2019","71.000","71.147","71.315","70.955","","-0.27%"
"23-01-2019","71.190","71.240","71.370","71.115","","-0.10%"
"22-01-2019","71.260","71.197","71.466","71.165","","0.10%"
"21-01-2019","71.188","71.205","71.538","71.140","","-0.03%"
"18-01-2019","71.210","71.040","71.274","70.987","","0.23%"
"17-01-2019","71.050","71.146","71.416","70.972","","0.10%"
"16-01-2019","70.980","71.110","71.265","70.934","","-0.17%"
"15-01-2019","71.100","70.750","71.156","70.723","","0.48%"
"14-01-2019","70.760","70.400","70.950","70.360","","0.51%"
"11-01-2019","70.399","70.430","70.601","70.357","","-0.03%"
"10-01-2019","70.420","70.530","70.655","70.318","","-0.20%"
"09-01-2019","70.560","70.110","70.648","70.050","","0.60%"
"08-01-2019","70.140","69.806","70.240","69.765","","0.48%"
"07-01-2019","69.803","69.532","69.953","69.255","","0.36%"
"04-01-2019","69.550","70.115","70.145","69.550","","-0.80%"
"03-01-2019","70.110","70.300","70.531","70.034","","0.16%"
"02-01-2019","70.000","69.469","70.255","69.469","","0.79%"
"01-01-2019","69.453","69.635","69.745","69.435","","-0.17%"
"31-12-2018","69.570","69.783","69.946","69.570","","-0.52%"
"28-12-2018","69.933","70.151","70.151","69.885","","-0.61%"
"27-12-2018","70.361","70.088","70.404","70.088","","0.42%"
"26-12-2018","70.070","70.065","70.170","69.755","","0.03%"
"25-12-2018","70.050","70.050","70.050","70.050","","-0.08%"
"24-12-2018","70.105","70.151","70.296","69.873","","-0.05%"
"21-12-2018","70.140","70.003","70.320","69.750","","0.23%"
"20-12-2018","69.980","70.697","70.716","69.655","","-0.43%"
"19-12-2018","70.279","70.357","70.482","69.862","","-0.48%"
"18-12-2018","70.620","71.340","71.361","70.421","","-1.38%"
"17-12-2018","71.610","71.900","71.900","71.496","","-0.43%"
"14-12-2018","71.920","71.550","72.043","71.550","","0.55%"
"13-12-2018","71.530","71.858","71.858","71.456","","-0.43%"
"12-12-2018","71.840","72.283","72.283","71.769","","-0.62%"
"11-12-2018","72.291","72.506","72.506","71.691","","-0.32%"
"10-12-2018","72.520","71.360","72.637","71.240","","2.34%"
"07-12-2018","70.860","70.570","70.860","70.453","","0.01%"
"06-12-2018","70.850","70.810","71.150","70.745","","0.41%"
"05-12-2018","70.560","70.710","70.750","70.390","","0.04%"
"04-12-2018","70.530","70.500","70.690","70.330","","0.13%"
"03-12-2018","70.440","69.880","70.470","69.880","","1.13%"
"30-11-2018","69.650","69.695","69.915","69.570","","-0.19%"
"29-11-2018","69.780","70.110","70.145","69.780","","-1.22%"
"28-11-2018","70.640","70.900","70.900","70.580","","-0.20%"
"27-11-2018","70.785","70.815","71.030","70.710","","-0.05%"
"26-11-2018","70.820","70.495","70.905","70.310","","0.23%"
"23-11-2018","70.655","70.675","70.675","70.655","","-0.05%"
"22-11-2018","70.690","71.135","71.195","70.675","","-0.86%"
"21-11-2018","71.305","71.415","71.415","71.305","","-0.17%"
"20-11-2018","71.430","71.370","71.523","71.287","","-0.25%"
"19-11-2018","71.610","71.925","72.082","71.550","","-0.51%"
"16-11-2018","71.980","71.995","71.995","71.715","","0.09%"
"15-11-2018","71.915","72.035","72.185","71.870","","-0.55%"
"14-11-2018","72.310","72.175","72.405","72.005","","-0.42%"
"13-11-2018","72.615","72.795","72.810","72.515","","-0.34%"
"12-11-2018","72.860","72.735","73.067","72.735","","0.52%"
"09-11-2018","72.480","72.680","72.828","72.415","","0.14%"
"08-11-2018","72.380","72.460","72.460","72.380","","-0.10%"
"07-11-2018","72.450","72.950","72.950","72.450","","-0.69%"
"06-11-2018","72.955","72.945","73.075","72.905","","-0.17%"
"05-11-2018","73.080","72.807","73.135","72.757","","0.88%"
"02-11-2018","72.440","73.125","73.215","72.430","","-1.38%"
"01-11-2018","73.455","73.855","73.873","73.455","","-0.68%"
"31-10-2018","73.960","73.920","74.140","73.800","","0.38%"
"30-10-2018","73.680","73.560","73.705","73.520","","0.38%"
"29-10-2018","73.400","73.355","73.525","73.322","","-0.08%"
"26-10-2018","73.460","73.430","73.472","73.270","","0.31%"
"25-10-2018","73.230","73.350","73.380","73.165","","0.00%"
"24-10-2018","73.230","73.160","73.343","73.100","","-0.44%"
"23-10-2018","73.550","73.710","73.833","73.510","","-0.01%"
"22-10-2018","73.560","73.305","73.565","73.192","","0.25%"
"19-10-2018","73.375","73.605","73.655","73.295","","-0.21%"
"18-10-2018","73.530","73.590","73.615","73.485","","-0.10%"
"17-10-2018","73.600","73.420","73.670","73.373","","0.18%"
"16-10-2018","73.465","73.810","73.960","73.465","","-0.41%"
"15-10-2018","73.770","73.803","74.070","73.770","","0.22%"
"12-10-2018","73.610","73.830","73.860","73.530","","-0.59%"
"11-10-2018","74.050","74.380","74.490","74.005","","-0.27%"
"10-10-2018","74.250","74.160","74.293","74.060","","-0.12%"
"09-10-2018","74.340","73.910","74.405","73.880","","0.37%"
"08-10-2018","74.065","73.870","74.100","73.765","","0.40%"
"05-10-2018","73.770","73.620","74.250","73.425","","0.19%"
"04-10-2018","73.630","73.710","73.825","73.500","","0.39%"
"03-10-2018","73.345","73.265","73.430","72.920","","0.58%"
"02-10-2018","72.925","72.925","72.925","72.925","","0.00%"
"01-10-2018","72.925","72.605","72.945","72.605","","0.57%"